Year,Month,Day,MaximumtemperatureDegreeC,Dailyglobalsolarexposure
2006,1,1,30.2,4.1
2006,1,2,23.9,33.7
2006,1,3,22,32.9
2006,1,4,19.6,22.8
2006,1,5,23.2,35.7
2006,1,6,24.1,34.1
2006,1,7,26.4,36
2006,1,8,28.8,36.6
2006,1,9,32.4,7.6
2006,1,10,28.8,21.5
2006,1,11,21.1,11.8
2006,1,12,24.8,35.3
2006,1,13,21.5,30.2
2006,1,14,22.7,33.9
2006,1,15,22.6,30.6
2006,1,16,27.1,18.6
2006,1,17,22.9,20.1
2006,1,18,28.7,31.8
2006,1,19,33.4,31
2006,1,20,38,26.5
2006,1,21,40.8,31.6
2006,1,22,42.7,30.4
2006,1,23,24.6,25.5
2006,1,24,21.3,31.1
2006,1,25,34.9,33.4
2006,1,26,40.3,28.3
2006,1,27,37.6,19.2
2006,1,28,26,11.4
2006,1,29,30.1,25
2006,1,30,20.6,13.2
2006,1,31,23.9,26.7
2006,2,1,22,6.1
2006,2,2,22.5,21.6
2006,2,3,21.3,21.9
2006,2,4,24.5,30.1
2006,2,5,24.3,28.4
2006,2,6,25.5,21.5
2006,2,7,20.2,27
2006,2,8,31.8,31.5
2006,2,9,20.7,14.1
2006,2,10,19.5,21.4
2006,2,11,22.1,25.6
2006,2,12,31.1,30.9
2006,2,13,20.8,26.5
2006,2,14,22.3,19.1
2006,2,15,25.4,24.7
2006,2,16,30.2,25.1
2006,2,17,35.6,26.5
2006,2,18,25.3,27.1
2006,2,19,22.8,18.6
2006,2,20,22.1,25.5
2006,2,21,23.3,26.6
2006,2,22,23.1,24.5
2006,2,23,35.9,26.9
2006,2,24,36,24.4
2006,2,25,30.5,10.2
2006,2,26,20.3,11.2
2006,2,27,22.4,25.8
2006,2,28,23.7,26.2
2006,3,1,23.4,27.4
2006,3,2,33.5,27.6
2006,3,3,34,26.8
2006,3,4,31.3,26.5
2006,3,5,30.8,25
2006,3,6,22.5,21
2006,3,7,20.8,19.7
2006,3,8,24.6,22.5
2006,3,9,28,25
2006,3,10,24,24.2
2006,3,11,27.1,23.9
2006,3,12,37.9,22.8
2006,3,13,24.7,10
2006,3,14,20.3,19.3
2006,3,15,23.2,13.2
2006,3,16,21.9,13
2006,3,17,19.6,16.4
2006,3,18,21.2,17
2006,3,19,21.6,16.6
2006,3,20,21.4,20.3
2006,3,21,26.6,20.9
2006,3,22,28.9,20.6
2006,3,23,26.9,21
2006,3,24,31.7,20.4
2006,3,25,30.5,20
2006,3,26,31.1,18.8
2006,3,27,20.2,6.1
2006,3,28,24.2,11.9
2006,3,29,30.6,13.9
2006,3,30,21.6,13.9
2006,3,31,21,8.3
2006,4,1,16.8,15.7
2006,4,2,17.5,12.8
2006,4,3,17.9,9.5
2006,4,4,20.5,11.8
2006,4,5,20.5,11
2006,4,6,15.6,13.4
2006,4,7,17.3,9.4
2006,4,8,17.5,10.1
2006,4,9,15.3,6.3
2006,4,10,20.6,11.4
2006,4,11,27.2,17.1
2006,4,12,21.4,16.3
2006,4,13,24.4,9.3
2006,4,14,23.6,8.1
2006,4,15,15.9,11.9
2006,4,16,16.2,10.1
2006,4,17,19.5,12.725
2006,4,18,20.5,14.4
2006,4,19,21.1,14.5
2006,4,20,17.2,10.1
2006,4,21,15.3,12.3
2006,4,22,14.6,9
2006,4,23,15.3,7
2006,4,24,14,3.6
2006,4,25,19.8,13.4
2006,4,26,21.7,13.9
2006,4,27,21.1,13.2
2006,4,28,22.1,10.2
2006,4,29,14.9,1.4
2006,4,30,13.9,5.83333333333333
2006,5,1,16.9,5.9
2006,5,2,18.4,7
2006,5,3,17.3,8.7
2006,5,4,16.5,6.4
2006,5,5,18.8,7.7
2006,5,6,16.7,7.7
2006,5,7,12.7,7.1
2006,5,8,13.5,8.7
2006,5,9,16.7,7.7
2006,5,10,13.4,7.5
2006,5,11,12.2,7.3
2006,5,12,14.3,7
2006,5,13,14.2,4.5
2006,5,14,15,3
2006,5,15,14.6,3.9
2006,5,16,20.3,10.7
2006,5,17,20.6,9.9
2006,5,18,17.3,8.3
2006,5,19,19.6,9.3
2006,5,20,13,8
2006,5,21,13.9,8.5
2006,5,22,11.1,3.2
2006,5,23,13.3,5.3
2006,5,24,15.2,7.8
2006,5,25,14.1,8.3
2006,5,26,13.3,8.3
2006,5,27,13.4,7.3
2006,5,28,14.5,5.8
2006,5,29,12,4.3
2006,5,30,13.8,8.9
2006,5,31,15.9,8.4
2006,6,1,14.8,8.1
2006,6,2,14.1,5.1
2006,6,3,14.4,7.4
2006,6,4,13.6,8.1
2006,6,5,9.2,4.8
2006,6,6,12.3,8
2006,6,7,14.4,7.9
2006,6,8,13.1,7.7
2006,6,9,12.9,7.4
2006,6,10,8.9,4.5
2006,6,11,10.9,4.7
2006,6,12,11.5,6
2006,6,13,11.1,5.8
2006,6,14,14.4,6.6
2006,6,15,15,5.7
2006,6,16,11.5,3.9
2006,6,17,11.6,3.7
2006,6,18,11.7,5
2006,6,19,15.1,8.3
2006,6,20,13.1,8.3
2006,6,21,14.9,5
2006,6,22,13.6,3
2006,6,23,13.6,2.1
2006,6,24,12.2,6.1
2006,6,25,13.6,5.3
2006,6,26,14.6,8.1
2006,6,27,10.9,3.9
2006,6,28,13.9,4.6
2006,6,29,14.3,8.6
2006,6,30,14.9,5.5
2006,7,1,13.3,2
2006,7,2,9.4,1.9
2006,7,3,11.9,6.1
2006,7,4,14.9,8
2006,7,5,15.9,6.5
2006,7,6,13.6,7.8
2006,7,7,12.6,4.1
2006,7,8,12.8,3.5
2006,7,9,12.4,3.4
2006,7,10,13.6,4.9
2006,7,11,14.3,6.7
2006,7,12,10.9,8
2006,7,13,11.4,4.9
2006,7,14,12.3,4.9
2006,7,15,9.8,3.625
2006,7,16,12.9,2.4
2006,7,17,12.4,2.3
2006,7,18,13,6.3
2006,7,19,9.8,4.8
2006,7,20,12.4,10
2006,7,21,15.1,10.1
2006,7,22,14.9,8.1
2006,7,23,14.8,6.3
2006,7,24,12.7,8.4
2006,7,25,12.3,5.8
2006,7,26,16.6,7.3
2006,7,27,14.8,6.9
2006,7,28,14.2,10.8
2006,7,29,15.4,9.8
2006,7,30,14,9.2
2006,7,31,12.5,6.9
2006,8,1,11.8,7.1
2006,8,2,13.9,5.7
2006,8,3,14.4,6.3
2006,8,4,14,9.5
2006,8,5,14.1,10
2006,8,6,14.6,7.4
2006,8,7,18.2,12.5
2006,8,8,17.5,11.9
2006,8,9,15.8,10.4
2006,8,10,14.8,8.9
2006,8,11,14.8,10.2
2006,8,12,16.2,10.6
2006,8,13,17.5,12.5
2006,8,14,17.3,10.6
2006,8,15,16.2,12
2006,8,16,17.9,14.1
2006,8,17,16.2,10.8
2006,8,18,16.1,10.6
2006,8,19,15.8,10.7
2006,8,20,18.5,14.2
2006,8,21,19.6,13.8
2006,8,22,15,10.8
2006,8,23,15.3,11.8
2006,8,24,10.3,3.9
2006,8,25,12.2,6.9
2006,8,26,14,12.7
2006,8,27,15.2,10.7
2006,8,28,15.2,11
2006,8,29,15.3,14.7
2006,8,30,21.1,17
2006,8,31,22.4,16.5
2006,9,1,24.2,14.2
2006,9,2,23.9,11.8
2006,9,3,15.7,6.6
2006,9,4,14.4,12.5
2006,9,5,17,13.4
2006,9,6,10.5,3.8
2006,9,7,12.8,8.3
2006,9,8,12.5,10
2006,9,9,14.7,14.1
2006,9,10,14,13.8
2006,9,11,17.8,18.9
2006,9,12,19.8,19.9
2006,9,13,20.1,15.6
2006,9,14,20.4,8.4
2006,9,15,17.8,16.4
2006,9,16,17.9,17.8
2006,9,17,25,13.2
2006,9,18,22.5,8
2006,9,19,29,17.2
2006,9,20,17.2,15.9
2006,9,21,18.6,19.6
2006,9,22,23,16.6
2006,9,23,17.3,13.5
2006,9,24,17.9,13.1
2006,9,25,14.1,17.8
2006,9,26,18.7,23
2006,9,27,23.3,21.1
2006,9,28,20.2,23.7
2006,9,29,18.5,17
2006,9,30,18,22.8
2006,10,1,25.4,23.2
2006,10,2,17,22.4
2006,10,3,21,23.2
2006,10,4,29.3,24.4
2006,10,5,17.5,18.4
2006,10,6,22.1,23.4
2006,10,7,27.5,24.9
2006,10,8,15.1,18.6
2006,10,9,16.7,20.7
2006,10,10,24.2,25.8
2006,10,11,29.2,26.2
2006,10,12,36,26.4
2006,10,13,24.8,23.5
2006,10,14,23,15.5
2006,10,15,15.3,14.9
2006,10,16,22.5,27.5
2006,10,17,27.5,26
2006,10,18,24.4,26
2006,10,19,23.3,25.8
2006,10,20,19.3,12.3
2006,10,21,14.6,21
2006,10,22,18,29.4
2006,10,23,23.3,29.2
2006,10,24,30.5,28.2
2006,10,25,17,13.5
2006,10,26,16.8,28.3
2006,10,27,18.1,19.8
2006,10,28,13.8,20.1
2006,10,29,15.6,25.2
2006,10,30,19.3,30.6
2006,10,31,19,25.1
2006,11,1,24.2,25.7
2006,11,2,21.4,2.2
2006,11,3,21,26.6
2006,11,4,19.1,15.8
2006,11,5,18.8,27.9
2006,11,6,20.2,16.5
2006,11,7,13.9,11
2006,11,8,14,10.7
2006,11,9,20.2,31
2006,11,10,28.3,30.3
2006,11,11,24.4,27.1
2006,11,12,29.1,12.8
2006,11,13,15.6,18.8
2006,11,14,21.5,26
2006,11,15,11.6,19.4
2006,11,16,13.5,19.2
2006,11,17,19.8,31.4
2006,11,18,28.6,29.8
2006,11,19,33.6,27.9
2006,11,20,35.4,18.1
2006,11,21,36.9,16.4
2006,11,22,24.6,26.3
2006,11,23,23.9,28.6
2006,11,24,25.7,33.4
2006,11,25,24.3,20.1
2006,11,26,19.3,33.4
2006,11,27,22.9,33.1
2006,11,28,23.7,33.4
2006,11,29,18.4,30.3
2006,11,30,31.3,24.8
2006,12,1,31.7,27.7
2006,12,2,18.7,27.2
2006,12,3,19.4,25.5
2006,12,4,27.6,34
2006,12,5,34,33.3
2006,12,6,20.7,26.8
2006,12,7,22.2,34.7
2006,12,8,26.6,33.8
2006,12,9,37.7,32.9
2006,12,10,42.2,29.4
2006,12,11,22.3,26
2006,12,12,18.8,34.4
2006,12,13,27.1,24
2006,12,14,34.9,22.2
2006,12,15,18.3,30.2
2006,12,16,20,33
2006,12,17,27.2,34.5
2006,12,18,26,31.7
2006,12,19,20.4,27.8
2006,12,20,28.1,30.6
2006,12,21,36.9,32.7
2006,12,22,30.3,7.3
2006,12,23,18.7,15.3
2006,12,24,21.1,22.3
2006,12,25,13.7,20.3
2006,12,26,17.7,14.7
2006,12,27,18.8,16.4
2006,12,28,20,23.1
2006,12,29,23.7,26.7
2006,12,30,30.3,32.1
2006,12,31,27.4,14.3
2007,1,1,28.2,20.4
2007,1,2,30.6,20
2007,1,3,33.4,32.6
2007,1,4,34.4,33
2007,1,5,36.9,25
2007,1,6,35.3,12.8
2007,1,7,25.5,14.1
2007,1,8,20.2,23.5
2007,1,9,27.2,33.4
2007,1,10,37.5,34.4
2007,1,11,36.1,33.2
2007,1,12,26.2,30.5
2007,1,13,21.8,32.2
2007,1,14,23.3,30.8
2007,1,15,26,27.5
2007,1,16,40.9,30.6
2007,1,17,35.1,12.5
2007,1,18,33.3,22.6
2007,1,19,29.1,4.9
2007,1,20,27.6,2.9
2007,1,21,25.7,15.7
2007,1,22,23.2,29.1
2007,1,23,28.3,28.9
2007,1,24,21.8,25.8
2007,1,25,22.2,31.9
2007,1,26,27.6,31.7
2007,1,27,19,21.4
2007,1,28,24.6,25.5
2007,1,29,26.4,17.2
2007,1,30,31.2,22
2007,1,31,20.2,31.2
2007,2,1,28.6,32.1
2007,2,2,35.4,31.7
2007,2,3,26.5,29.4
2007,2,4,31.7,30.5
2007,2,5,36.3,31.4
2007,2,6,19.9,17.5
2007,2,7,20.2,10.1
2007,2,8,21.7,18.9
2007,2,9,33.5,25.7
2007,2,10,24,23
2007,2,11,28.6,27.3
2007,2,12,31.1,28.3
2007,2,13,32,17.1
2007,2,14,31.8,24.5
2007,2,15,35.3,20.8
2007,2,16,36.8,22.3
2007,2,17,36.8,27.6
2007,2,18,38.2,24.5
2007,2,19,25.9,19.9
2007,2,20,30.2,26.5
2007,2,21,32.5,17.8
2007,2,22,31.9,22.5
2007,2,23,30.5,20.2
2007,2,24,22.7,15.3
2007,2,25,23.1,19.5
2007,2,26,29.8,25.2
2007,2,27,24.6,8.5
2007,2,28,28.7,18.7
2007,3,1,25.9,19.7
2007,3,2,30.2,22.8
2007,3,3,37.5,15.6
2007,3,4,24.6,22
2007,3,5,21.4,22
2007,3,6,25.4,23.4
2007,3,7,31.5,22.1
2007,3,8,20.9,19
2007,3,9,23,24.5
2007,3,10,31.3,25
2007,3,11,25.6,20.3
2007,3,12,19.8,16
2007,3,13,23.2,23.6
2007,3,14,29.2,24
2007,3,15,34.6,15.8
2007,3,16,23.6,5.1
2007,3,17,20.7,19.3
2007,3,18,21.4,22.1
2007,3,19,26.3,20.5
2007,3,20,22.7,5.8
2007,3,21,30.1,19.5
2007,3,22,34,19.5
2007,3,23,36.8,14.7
2007,3,24,17.9,17.3
2007,3,25,19.2,17.4
2007,3,26,25.8,20.4
2007,3,27,26.6,20.3
2007,3,28,24.8,3.4
2007,3,29,19.7,10.5
2007,3,30,17.1,10.2
2007,3,31,19.3,14.6
2007,4,1,23.9,17.2
2007,4,2,21.2,12.4
2007,4,3,18.4,12.2
2007,4,4,19.3,18.2
2007,4,5,18.6,10.5
2007,4,6,21.2,16.6
2007,4,7,20.6,18
2007,4,8,26,17.8
2007,4,9,27.2,17.6
2007,4,10,28.3,16.4
2007,4,11,20.8,14
2007,4,12,21.5,16.7
2007,4,13,25.6,16.6
2007,4,14,27.9,10.8
2007,4,15,22.8,15.3
2007,4,16,17.5,4.8
2007,4,17,24.8,14.6
2007,4,18,23.2,14.6
2007,4,19,23.9,10.6
2007,4,20,26.8,13.1
2007,4,21,23.7,4.7
2007,4,22,19.4,6.1
2007,4,23,20.7,13.3
2007,4,24,20.1,13.9
2007,4,25,20.7,13.8
2007,4,26,20.7,12
2007,4,27,20.5,6.9
2007,4,28,20,11.3
2007,4,29,19.9,6.7
2007,4,30,20.1,10.2
2007,5,1,20.8,11
2007,5,2,21.6,9.2
2007,5,3,21.1,5.2
2007,5,4,19.5,10.7
2007,5,5,21.8,8.1
2007,5,6,20,11.3
2007,5,7,22.3,9.9
2007,5,8,18.6,11.1
2007,5,9,16.6,8.5
2007,5,10,16.6,6.6
2007,5,11,18.4,11.5
2007,5,12,19.6,10.1
2007,5,13,22.8,10.4
2007,5,14,22.4,7.8
2007,5,15,20.5,5.8
2007,5,16,20.4,9.2
2007,5,17,18.3,2.6
2007,5,18,16.1,3.9
2007,5,19,16.8,5.9
2007,5,20,15.8,8.1
2007,5,21,16.8,6.4
2007,5,22,15,8.2
2007,5,23,18.3,8.6
2007,5,24,18.8,9.5
2007,5,25,18.3,9.4
2007,5,26,18.6,9.4
2007,5,27,17,9.1
2007,5,28,18.6,3.8
2007,5,29,19.6,4.9
2007,5,30,13.3,8.7
2007,5,31,14.6,6.5
2007,6,1,14.4,7.9
2007,6,2,15,7.9
2007,6,3,14.5,8.8
2007,6,4,13.8,7.2
2007,6,5,13.2,5.8
2007,6,6,13.8,6.5
2007,6,7,14.2,5.6
2007,6,8,13.5,8.4
2007,6,9,15,8.4
2007,6,10,16.1,8
2007,6,11,12.9,6.8
2007,6,12,11.7,4.9
2007,6,13,12.2,6.7
2007,6,14,11.8,8.4
2007,6,15,11.4,7.7
2007,6,16,12.5,4.7
2007,6,17,12.7,5
2007,6,18,9.2,6.5
2007,6,19,11.2,4.9
2007,6,20,11.5,5.9
2007,6,21,9.9,6.4
2007,6,22,11.3,4.2
2007,6,23,10.7,3.9
2007,6,24,10.6,8.7
2007,6,25,13.5,7
2007,6,26,11.9,3.6
2007,6,27,12.1,2.4
2007,6,28,13.8,4.4
2007,6,29,11.1,5.1
2007,6,30,12.8,7.5
2007,7,1,13.2,4
2007,7,2,12.7,4.3
2007,7,3,14.2,8.6
2007,7,4,14.5,5.9
2007,7,5,8.9,3.4
2007,7,6,9.9,4
2007,7,7,10.1,5.6
2007,7,8,12.6,5.7
2007,7,9,13.6,6.8
2007,7,10,12.3,8.7
2007,7,11,13,7
2007,7,12,12.5,6.9
2007,7,13,11.5,4.6
2007,7,14,11.2,6.4
2007,7,15,11.6,8.3
2007,7,16,11.5,9.1
2007,7,17,9.3,2.8
2007,7,18,10.5,6.9
2007,7,19,11.6,8.3
2007,7,20,10.4,6.4
2007,7,21,11.3,8.8
2007,7,22,13.3,10.4
2007,7,23,13.7,9.4
2007,7,24,15.3,10
2007,7,25,16.3,10.3
2007,7,26,15.1,7.8
2007,7,27,15,6
2007,7,28,13.4,9.1
2007,7,29,12.3,8.1
2007,7,30,13.5,6.8
2007,7,31,13.6,9.6
2007,8,1,15.5,10.6
2007,8,2,14.5,8
2007,8,3,11.6,9.4
2007,8,4,12.4,7.6
2007,8,5,13.3,9.2
2007,8,6,15.7,8.5
2007,8,7,15.5,12
2007,8,8,16.5,11.7
2007,8,9,16.2,7.9
2007,8,10,16.5,4.6
2007,8,11,18,6.9
2007,8,12,11.6,9.3
2007,8,13,11,10.6
2007,8,14,14.1,13.7
2007,8,15,15.9,12.6
2007,8,16,14.7,6.3
2007,8,17,13.7,6.5
2007,8,18,14.1,9.2
2007,8,19,13.3,10.3
2007,8,20,14.7,14.5
2007,8,21,13.9,8.4
2007,8,22,14.9,14.7
2007,8,23,16.2,13
2007,8,24,18.1,15.4
2007,8,25,21.2,14.9
2007,8,26,22.2,13.4
2007,8,27,24.6,15.9
2007,8,28,20,13.6
2007,8,29,18.3,16.4
2007,8,30,22.9,17
2007,8,31,14.8,10.6
2007,9,1,16.4,15.6
2007,9,2,18.8,16
2007,9,3,14,12.9
2007,9,4,14.4,16.6
2007,9,5,17,17.3
2007,9,6,18.3,17
2007,9,7,19.1,15.1
2007,9,8,20.3,16.2
2007,9,9,20.3,17.3
2007,9,10,19.8,12.4
2007,9,11,14.8,6.6
2007,9,12,15.9,9.4
2007,9,13,21.6,13.3
2007,9,14,17.2,11.1
2007,9,15,17.3,16.6
2007,9,16,21.6,13.9
2007,9,17,16.3,15.2
2007,9,18,20.4,19.8
2007,9,19,19.6,8.6
2007,9,20,15.2,16.7
2007,9,21,18.7,16.8
2007,9,22,15.3,21.8
2007,9,23,20.7,16.6
2007,9,24,17.6,20.8
2007,9,25,19.4,21.2
2007,9,26,19.7,3.4
2007,9,27,20.4,12.7
2007,9,28,16.5,15.1
2007,9,29,16,14.7
2007,9,30,18.8,8.7
2007,10,1,20.7,21.3
2007,10,2,22.3,22.8
2007,10,3,19,19.5
2007,10,4,19.4,16.8
2007,10,5,22.9,20.4
2007,10,6,15,18.5
2007,10,7,16.7,16.8
2007,10,8,18.1,20
2007,10,9,17.5,23.1
2007,10,10,24.4,19.5
2007,10,11,21.5,10.2
2007,10,12,14.1,14
2007,10,13,15.9,14.7
2007,10,14,22.3,24.3
2007,10,15,30.1,25
2007,10,16,17.5,20.7
2007,10,17,17.2,26.7
2007,10,18,25.8,26.6
2007,10,19,21.7,27.3
2007,10,20,27.3,28.2
2007,10,21,33.3,15.3
2007,10,22,20.1,8.2
2007,10,23,15.6,17.6
2007,10,24,17.9,22.9
2007,10,25,13.9,3.6
2007,10,26,22.4,8.2
2007,10,27,29.8,25.1
2007,10,28,28,18.6
2007,10,29,21.5,24
2007,10,30,22.6,24.8
2007,10,31,21.2,18.7
2007,11,1,26,10.5
2007,11,2,19.7,11.5
2007,11,3,19.8,7
2007,11,4,14.1,6.6
2007,11,5,17.8,23.1
2007,11,6,21.2,29.2
2007,11,7,22,28.4
2007,11,8,22.3,30.4
2007,11,9,25.6,23.1
2007,11,10,25.8,30.8
2007,11,11,26.2,31.1
2007,11,12,20.9,30.3
2007,11,13,23.4,27.2
2007,11,14,23.4,26.1
2007,11,15,25.4,29.8
2007,11,16,33.1,31.7
2007,11,17,30.7,24.1
2007,11,18,31,21.3
2007,11,19,35.9,29.9
2007,11,20,35.9,24
2007,11,21,14.1,3
2007,11,22,17,10.1
2007,11,23,19.7,29.3
2007,11,24,23.8,31.6
2007,11,25,20.4,25.3
2007,11,26,19.5,23.1
2007,11,27,31.4,30.7
2007,11,28,29.1,21.5
2007,11,29,26.2,19.4
2007,11,30,25.7,29.6
2007,12,1,26.7,30.5
2007,12,2,32.3,27.6
2007,12,3,24.2,13.1
2007,12,4,23.6,25
2007,12,5,23.9,30.4
2007,12,6,33.5,29.7
2007,12,7,26.9,21.3
2007,12,8,25.9,33.2
2007,12,9,26,13.7
2007,12,10,19,23.6
2007,12,11,22.5,30.8
2007,12,12,24.3,33.7
2007,12,13,30.6,28.9
2007,12,14,32.2,31.5
2007,12,15,16.5,6.5
2007,12,16,19.5,20.6
2007,12,17,23.5,33.5
2007,12,18,27.5,15.7
2007,12,19,31.3,12.6
2007,12,20,28.8,10.4
2007,12,21,29.6,10.1
2007,12,22,17.6,12.1
2007,12,23,17.8,22.4
2007,12,24,18.6,19.2
2007,12,25,18.9,26.1
2007,12,26,24.5,33.7
2007,12,27,24.5,31.9
2007,12,28,34.9,33.1
2007,12,29,39.4,33.5
2007,12,30,30.7,29.4
2007,12,31,40.2,33
2008,1,1,40.4,33.4
2008,1,2,22.5,33.2
2008,1,3,30.1,32.9
2008,1,4,34.5,33.4
2008,1,5,36.4,33.4
2008,1,6,24.8,30.5
2008,1,7,23.4,33.6
2008,1,8,23.2,29.8
2008,1,9,29.7,30.5
2008,1,10,39.9,33.5
2008,1,11,37.1,24.6
2008,1,12,26.4,33.3
2008,1,13,24.7,24.4
2008,1,14,21.8,33.3
2008,1,15,31.2,34.3
2008,1,16,23,24.2
2008,1,17,22.4,28.1
2008,1,18,30.7,12.4
2008,1,19,22.1,4.4
2008,1,20,21.1,7.3
2008,1,21,22.2,18.9
2008,1,22,23.9,29.1
2008,1,23,27.7,29.9
2008,1,24,25.2,9.4
2008,1,25,30.7,21.7
2008,1,26,33.9,30.3
2008,1,27,29.4,27.5
2008,1,28,27.1,30.8
2008,1,29,26.7,26.2
2008,1,30,28.1,18.5
2008,1,31,19.6,8.2
2008,2,1,23.8,32.3
2008,2,2,26.6,31.5
2008,2,3,25.9,17.9
2008,2,4,32.1,20.1
2008,2,5,23.4,9.4
2008,2,6,25.9,13.1
2008,2,7,19.8,16.1
2008,2,8,18.7,17.4
2008,2,9,19.9,15.4
2008,2,10,21.7,26.3
2008,2,11,27,28.3
2008,2,12,22.5,15.9
2008,2,13,18.4,17
2008,2,14,21.2,17.9
2008,2,15,25.9,28.7
2008,2,16,30.1,28.3
2008,2,17,33.4,29
2008,2,18,32.9,28.7
2008,2,19,35.1,27.9
2008,2,20,19.1,3.4
2008,2,21,26.3,25.6
2008,2,22,26.1,9.2
2008,2,23,20.2,17.6
2008,2,24,20.1,21.6
2008,2,25,21.5,23.8
2008,2,26,23.1,23.2
2008,2,27,22.8,22.1
2008,2,28,17.9,18.4
2008,2,29,18.6,19.6
2008,3,1,21.1,25.6
2008,3,2,29.1,25.8
2008,3,3,32.7,24.5
2008,3,4,23.5,16.5
2008,3,5,29.5,25.4
2008,3,6,24,23.5
2008,3,7,25.3,18.9
2008,3,8,33.1,14.9
2008,3,9,34.6,23.2
2008,3,10,38.4,21
2008,3,11,22.2,21.2
2008,3,12,27.6,20.4
2008,3,13,38.5,22.5
2008,3,14,38.7,17.8
2008,3,15,32.1,20.4
2008,3,16,39.1,20.7
2008,3,17,38.9,21.6
2008,3,18,31.7,17.8
2008,3,19,23.2,20.9
2008,3,20,23.8,14.6
2008,3,21,18.7,11.9
2008,3,22,25.6,20
2008,3,23,27.5,11.1
2008,3,24,28.8,6.8
2008,3,25,24.8,14.5
2008,3,26,17.8,8.7
2008,3,27,15.2,12.8
2008,3,28,17.5,14.4
2008,3,29,17.4,9
2008,3,30,20.7,14.5
2008,3,31,19.8,9.9
2008,4,1,25.1,18.9
2008,4,2,24.4,7.3
2008,4,3,16.5,14.8
2008,4,4,18.3,7.5
2008,4,5,19.3,12.2
2008,4,6,20,16.7
2008,4,7,25.6,16.9
2008,4,8,26.1,16.6
2008,4,9,24.6,14.1
2008,4,10,26.9,13.2
2008,4,11,27.3,10.5
2008,4,12,22.1,14.6
2008,4,13,17.7,10.1
2008,4,14,18.6,10.4
2008,4,15,18.8,10
2008,4,16,18.3,14.7
2008,4,17,16.7,5.8
2008,4,18,19.5,14.3
2008,4,19,24.1,14.9
2008,4,20,21.9,14.9
2008,4,21,18.1,10.9
2008,4,22,18.7,13.2
2008,4,23,20.8,12.6
2008,4,24,24.3,14.2
2008,4,25,25.2,9.9
2008,4,26,18.4,4.4
2008,4,27,13.9,8
2008,4,28,14,10
2008,4,29,14.3,8.2
2008,4,30,14.4,6.3
2008,5,1,13.2,5
2008,5,2,17.2,8.6
2008,5,3,15.4,8.5
2008,5,4,19.1,11.9
2008,5,5,17.7,4.9
2008,5,6,18.8,6.5
2008,5,7,15.2,6.1
2008,5,8,16.6,6.3
2008,5,9,14.4,3.8
2008,5,10,15.8,4.3
2008,5,11,14.3,4
2008,5,12,17.8,9.3
2008,5,13,17.2,11
2008,5,14,20.3,11
2008,5,15,20.5,10.9
2008,5,16,17.3,7.8
2008,5,17,11.1,2.7
2008,5,18,13.9,5.9
2008,5,19,16.2,4.8
2008,5,20,18.4,7.8
2008,5,21,14.6,6.2
2008,5,22,13.6,10
2008,5,23,12.9,9.8
2008,5,24,15.9,9.6
2008,5,25,16.2,6.4
2008,5,26,17.9,7.4
2008,5,27,14.4,3.8
2008,5,28,14,6.8
2008,5,29,18.3,8.8
2008,5,30,18.6,8.2
2008,5,31,16.6,7.6
2008,6,1,14.1,9.6
2008,6,2,16.7,9.4
2008,6,3,10.7,3.7
2008,6,4,13.4,2.9
2008,6,5,17.4,6.2
2008,6,6,15,5.3
2008,6,7,13.6,4
2008,6,8,17.6,8.5
2008,6,9,16,2.5
2008,6,10,16.2,3.7
2008,6,11,18.2,6.6
2008,6,12,16.9,6.8
2008,6,13,12.7,7.3
2008,6,14,11.6,4.8
2008,6,15,14,6.2
2008,6,16,17.3,8.5
2008,6,17,16.2,8.1
2008,6,18,14,2.7
2008,6,19,13.8,2.8
2008,6,20,13.4,6.1
2008,6,21,13.8,5.3
2008,6,22,14.5,5.6
2008,6,23,14.6,4.9
2008,6,24,14.2,2.9
2008,6,25,14.4,7.7
2008,6,26,14.4,6.3
2008,6,27,16.6,8.1
2008,6,28,13.7,4.4
2008,6,29,12.5,2.5
2008,6,30,12.9,4.2
2008,7,1,14,7.7
2008,7,2,13,5.6
2008,7,3,12.8,5.7
2008,7,4,13,7.5
2008,7,5,13.9,8.6
2008,7,6,14.8,4.9
2008,7,7,13.2,3.5
2008,7,8,8.9,4.8
2008,7,9,13.6,8.4
2008,7,10,11.9,8.1
2008,7,11,12.2,6.3
2008,7,12,9.4,2.5
2008,7,13,13.4,5.2
2008,7,14,17.3,9.2
2008,7,15,15.6,7.7
2008,7,16,14.4,9.2
2008,7,17,12.9,3.2
2008,7,18,12.3,4.2
2008,7,19,13.7,5.9
2008,7,20,12.8,3.1
2008,7,21,11.2,7.7
2008,7,22,11.6,6
2008,7,23,11,7.2
2008,7,24,14.8,10.5
2008,7,25,14.4,10.4
2008,7,26,13,6.6
2008,7,27,8.9,3.7
2008,7,28,11.7,9.7
2008,7,29,12.8,10.2
2008,7,30,14.2,10.9
2008,7,31,14.4,7.2
2008,8,1,14.1,6.6
2008,8,2,13.5,8.1
2008,8,3,14,9.3
2008,8,4,12.2,4.7
2008,8,5,13.6,10.8
2008,8,6,15.6,11.6
2008,8,7,15.5,10.1
2008,8,8,13.6,11.7
2008,8,9,12.7,9.7
2008,8,10,10.8,5.8
2008,8,11,12.4,10.9
2008,8,12,13.1,7.6
2008,8,13,12,10.3
2008,8,14,12.8,7.8
2008,8,15,14.6,6.5
2008,8,16,11.7,8.7
2008,8,17,10.8,9.5
2008,8,18,13,9.9
2008,8,19,14.2,9.3
2008,8,20,13.9,6.5
2008,8,21,8.1,2.6
2008,8,22,10.4,10.7
2008,8,23,12.3,9.4
2008,8,24,12.3,9.2
2008,8,25,13.3,10.1
2008,8,26,16.4,10.7
2008,8,27,13.2,11.4
2008,8,28,13.7,9.3
2008,8,29,17.4,16.1
2008,8,30,15.6,5.5
2008,8,31,17.3,8.4
2008,9,1,15.9,13.7
2008,9,2,15.7,11.5
2008,9,3,12.7,16.6
2008,9,4,17.2,13.4
2008,9,5,17.6,9.2
2008,9,6,17.3,14
2008,9,7,15.9,11.5
2008,9,8,12.3,12.9
2008,9,9,11.8,7.7
2008,9,10,18.2,18.3
2008,9,11,18.8,11.1
2008,9,12,23.6,16.4
2008,9,13,24.5,18.7
2008,9,14,17.3,15.1
2008,9,15,17,13.2
2008,9,16,13,13.3
2008,9,17,17.2,19.8
2008,9,18,18.4,12.8
2008,9,19,26.2,15.5
2008,9,20,18.4,13.2
2008,9,21,19.1,21
2008,9,22,21.1,7.8
2008,9,23,17,18.5
2008,9,24,17.8,20.7
2008,9,25,23,22.4
2008,9,26,27.7,20.8
2008,9,27,29,21.4
2008,9,28,19.5,19.8
2008,9,29,13.1,14
2008,9,30,16.4,20.7
2008,10,1,22.5,13.5
2008,10,2,26.1,22.3
2008,10,3,25.5,8.9
2008,10,4,15.9,18.2
2008,10,5,22.2,24.2
2008,10,6,12.9,12.9
2008,10,7,14.8,9.6
2008,10,8,15.7,13.1
2008,10,9,19.8,24.7
2008,10,10,24.9,24.3
2008,10,11,27.3,23.5
2008,10,12,30.1,22.9
2008,10,13,20.5,18.7
2008,10,14,16.6,16.4
2008,10,15,19.1,16.9
2008,10,16,21.2,25.4
2008,10,17,23.5,25.9
2008,10,18,31.8,20.1
2008,10,19,17.4,11
2008,10,20,16.3,24.2
2008,10,21,16,15.3
2008,10,22,15.2,23.9
2008,10,23,21,28.2
2008,10,24,25,14.9
2008,10,25,29.1,21
2008,10,26,30.5,7.4
2008,10,27,21.8,17.8
2008,10,28,18.7,17.5
2008,10,29,22.3,29.3
2008,10,30,29.6,11.6
2008,10,31,20.7,7.9
2008,11,1,19.7,14.6
2008,11,2,29,18.2
2008,11,3,17.8,9.7
2008,11,4,16.4,28.8
2008,11,5,26.4,23.5
2008,11,6,24.5,26.6
2008,11,7,20.8,1.9
2008,11,8,20,18.2
2008,11,9,27,28.7
2008,11,10,24.2,29.9
2008,11,11,32.3,30.4
2008,11,12,34.8,27.7
2008,11,13,34.4,10.4
2008,11,14,21.5,18.5
2008,11,15,21.7,30
2008,11,16,16.8,25.1
2008,11,17,18.8,29.9
2008,11,18,18.8,12.9
2008,11,19,21.5,8.8
2008,11,20,17.9,6.1
2008,11,21,20.9,21.4
2008,11,22,13.8,18
2008,11,23,17.7,19.9
2008,11,24,17.3,19
2008,11,25,25.5,33
2008,11,26,29.7,29.1
2008,11,27,30.7,23.6
2008,11,28,20,9.5
2008,11,29,18.5,15.3
2008,11,30,24.9,29
2008,12,1,21.1,22.9
2008,12,2,22.2,22.2
2008,12,3,21.3,25.8
2008,12,4,25.6,21.3
2008,12,5,31.7,31.5
2008,12,6,27.2,21.1
2008,12,7,19,30.1
2008,12,8,22.7,31.8
2008,12,9,19.2,4.2
2008,12,10,18,31.3
2008,12,11,22.7,34.1
2008,12,12,22.4,4.4
2008,12,13,16.6,6
2008,12,14,18.2,20.8
2008,12,15,20.4,21.4
2008,12,16,19.3,11.7
2008,12,17,19.2,14.2
2008,12,18,20.4,19.2
2008,12,19,17.7,25.1
2008,12,20,21.4,34
2008,12,21,29.1,31.9
2008,12,22,34.5,21.3
2008,12,23,19.7,23.3
2008,12,24,23.2,34.6
2008,12,25,23.8,33.8
2008,12,26,29.7,21.1
2008,12,27,29.2,27
2008,12,28,28.5,29.2
2008,12,29,22.3,25.1
2008,12,30,23.5,21.6
2008,12,31,23.3,25.3
2009,1,1,19.9,19.5
2009,1,2,17.8,26.8
2009,1,3,21.1,28.6
2009,1,4,29.2,31.8
2009,1,5,29,33.3
2009,1,6,31.7,33.5
2009,1,7,21.4,16.8
2009,1,8,18.4,25.6
2009,1,9,19.7,33.1
2009,1,10,23.6,31.8
2009,1,11,23.5,27.3
2009,1,12,25.1,26.2
2009,1,13,37.1,34.2
2009,1,14,33.5,31.7
2009,1,15,23.1,29.1
2009,1,16,21.6,27.9
2009,1,17,19.8,33.3
2009,1,18,26.3,33.9
2009,1,19,37,33.4
2009,1,20,40.2,30.9
2009,1,21,28.8,31.5
2009,1,22,35.6,17.7
2009,1,23,32.3,32.7
2009,1,24,24.2,29.1
2009,1,25,29,32.5
2009,1,26,24.8,31.4
2009,1,27,36,32.4
2009,1,28,43.1,31.6
2009,1,29,44.2,29.2
2009,1,30,44.2,31
2009,1,31,31.6,29.7
2009,2,1,34.1,24.4
2009,2,2,28.8,13.3
2009,2,3,28.7,22.5
2009,2,4,31.6,29.9
2009,2,5,32.2,30.3
2009,2,6,33.5,28.5
2009,2,7,46.8,25
2009,2,8,20.9,11
2009,2,9,20.3,21.1
2009,2,10,19.7,22.9
2009,2,11,17.7,11.3
2009,2,12,22.9,22.1
2009,2,13,26.4,27.7
2009,2,14,27.3,27
2009,2,15,27.5,26.4
2009,2,16,29,26.8
2009,2,17,31.2,26.7666666666667
2009,2,18,30,24.6
2009,2,19,30.4,27.1
2009,2,20,25.9,19.9
2009,2,21,22.9,18.1
2009,2,22,26.4,25.4
2009,2,23,35,24
2009,2,24,20.4,25
2009,2,25,21.7,14.7
2009,2,26,30.6,26
2009,2,27,35.5,17.1
2009,2,28,22.7,21.1
2009,3,1,19.9,7.5
2009,3,2,26.5,24.4
2009,3,3,32.4,3.8
2009,3,4,18.6,12
2009,3,5,16.1,8.8
2009,3,6,20,15.1
2009,3,7,21,16.5
2009,3,8,19.9,15.1
2009,3,9,25.5,23.3
2009,3,10,27.2,17.7
2009,3,11,30.3,11.3
2009,3,12,23.8,10.6
2009,3,13,29.6,17.5
2009,3,14,21.2,2.6
2009,3,15,19,12.1
2009,3,16,20.7,11.2
2009,3,17,18.8,12.9
2009,3,18,28.5,19.7
2009,3,19,32.7,20.9
2009,3,20,25.1,21.1
2009,3,21,34.7,20.5
2009,3,22,24.5,15
2009,3,23,19,12
2009,3,24,21.6,10.9
2009,3,25,23.5,7.3
2009,3,26,24.6,14.7
2009,3,27,20,18
2009,3,28,27.3,19.3
2009,3,29,26.8,19.4
2009,3,30,22.4,17.5
2009,3,31,30.2,17.6
2009,4,1,28.8,18.7
2009,4,2,31.8,17.6
2009,4,3,24.2,5
2009,4,4,17.3,10.7
2009,4,5,20.2,9
2009,4,6,16.1,9
2009,4,7,17.7,8.8
2009,4,8,19,13
2009,4,9,26.3,16.7
2009,4,10,19,11.5
2009,4,11,22,11.4
2009,4,12,21.9,16.4
2009,4,13,25.2,16.4
2009,4,14,28.3,15.6
2009,4,15,16.6,12.7
2009,4,16,19.9,14.3
2009,4,17,21.2,10.1
2009,4,18,18,8.1
2009,4,19,17.1,7.9
2009,4,20,20.9,14.2
2009,4,21,23.7,14.6
2009,4,22,24,14.4
2009,4,23,22.8,12.2
2009,4,24,17.7,2.4
2009,4,25,18.8,9.1
2009,4,26,13.1,8
2009,4,27,14,6.2
2009,4,28,12.4,7.5
2009,4,29,11.9,7.7
2009,4,30,17.6,13
2009,5,1,15.3,3.7
2009,5,2,16.9,12.6
2009,5,3,17.5,11.2
2009,5,4,15.9,6.4
2009,5,5,16.3,12.5
2009,5,6,16.1,11.4
2009,5,7,16.8,8.2
2009,5,8,14.9,4.9
2009,5,9,15.9,5.8
2009,5,10,16.5,9.2
2009,5,11,16.8,11.1
2009,5,12,15.1,6.5
2009,5,13,16.8,5.5
2009,5,14,16.5,3.7
2009,5,15,19.1,2.6
2009,5,16,15.2,7.8
2009,5,17,16,6.1
2009,5,18,16.9,10.2
2009,5,19,21.3,9.1
2009,5,20,20.8,9.6
2009,5,21,16.5,8.6
2009,5,22,19,9.6
2009,5,23,23,7
2009,5,24,19.8,2.6
2009,5,25,21.5,4.3
2009,5,26,16.7,8
2009,5,27,15,6.5
2009,5,28,14.7,5.3
2009,5,29,15.3,8.6
2009,5,30,14.9,5.2
2009,5,31,15.2,8.3
2009,6,1,14.7,3.2
2009,6,2,13.4,3.8
2009,6,3,15.5,3
2009,6,4,15.7,5.5
2009,6,5,16.4,8.7
2009,6,6,12.4,4.5
2009,6,7,13.7,4.1
2009,6,8,15,6.7
2009,6,9,12.2,4.2
2009,6,10,10.4,6.6
2009,6,11,11.4,6.4
2009,6,12,10.3,7.6
2009,6,13,12.2,3.8
2009,6,14,15.6,5.5
2009,6,15,14.1,8.3
2009,6,16,13.4,6.4
2009,6,17,11.3,6.7
2009,6,18,16.3,8.4
2009,6,19,16.3,8.2
2009,6,20,12.8,2.5
2009,6,21,14.8,3.6
2009,6,22,16.8,8.2
2009,6,23,16.7,3.4
2009,6,24,16.1,8.1
2009,6,25,14.3,5.3
2009,6,26,14.3,8.1
2009,6,27,13.3,6.7
2009,6,28,15.7,7
2009,6,29,17.1,8
2009,6,30,18.1,5.6
2009,7,1,14.6,8.2
2009,7,2,11.9,4.3
2009,7,3,11.8,5.4
2009,7,4,14.6,4.7
2009,7,5,11.3,6.5
2009,7,6,12.4,7.4
2009,7,7,12.6,9
2009,7,8,14.1,9.1
2009,7,9,14.9,8.9
2009,7,10,12.8,4.8
2009,7,11,13,2.7
2009,7,12,15,5
2009,7,13,13.7,7.1
2009,7,14,12.5,7.4
2009,7,15,12.6,6
2009,7,16,13.2,7.6
2009,7,17,13.7,8.9
2009,7,18,12.3,6.5
2009,7,19,14.7,9.3
2009,7,20,18,9.6
2009,7,21,17.3,7.5
2009,7,22,15.9,6.2
2009,7,23,12.4,9.1
2009,7,24,12.4,8.8
2009,7,25,12.4,9
2009,7,26,15.1,9
2009,7,27,15.2,8.1
2009,7,28,14.1,8.1
2009,7,29,16.6,7.1
2009,7,30,15.4,7.2
2009,7,31,14.3,8.9
2009,8,1,16,6.5
2009,8,2,16,8.3
2009,8,3,13.6,11.5
2009,8,4,15.5,6.7
2009,8,5,16.1,10.3
2009,8,6,17.7,5.7
2009,8,7,12.7,8.3
2009,8,8,15.3,12.2
2009,8,9,12.4,10.2
2009,8,10,12.2,4.6
2009,8,11,13.9,6.2
2009,8,12,14.1,8.4
2009,8,13,17.2,11.5
2009,8,14,17.1,11.7
2009,8,15,17.5,9.5
2009,8,16,16.5,6
2009,8,17,15.3,13.2
2009,8,18,16.1,11.7
2009,8,19,18.1,13.5
2009,8,20,17.4,10.5
2009,8,21,17.8,10.4
2009,8,22,14.7,12.2
2009,8,23,18.2,14.1
2009,8,24,16.9,12.4
2009,8,25,13.7,11.8
2009,8,26,15.1,9.2
2009,8,27,17.6,13
2009,8,28,19,12.8
2009,8,29,15.4,3.7
2009,8,30,15.1,11.1
2009,8,31,16.9,8.3
2009,9,1,15.3,12.8
2009,9,2,18,15.7
2009,9,3,22.1,13.2
2009,9,4,16.1,9.8
2009,9,5,16.4,14.1
2009,9,6,16.2,5.8
2009,9,7,16.1,8.7
2009,9,8,15.3,8.8
2009,9,9,13.1,6.8
2009,9,10,14.6,11.2
2009,9,11,21.3,15
2009,9,12,30.2,14
2009,9,13,19.9,3.6
2009,9,14,16.1,14.9
2009,9,15,19.4,19.4
2009,9,16,22.8,17.2
2009,9,17,17.7,2.9
2009,9,18,17.8,18.7
2009,9,19,20.2,13
2009,9,20,17.3,17.2
2009,9,21,19.5,16.9
2009,9,22,18.6,15.2
2009,9,23,17.4,14.6
2009,9,24,18.9,13.6
2009,9,25,15,9.2
2009,9,26,13.8,15
2009,9,27,12.1,13.2
2009,9,28,13.7,12.1
2009,9,29,19.2,21.5
2009,9,30,23,17
2009,10,1,15.7,9.8
2009,10,2,13.4,7.3
2009,10,3,16.9,13
2009,10,4,18.4,16.1
2009,10,5,17.3,9.1
2009,10,6,13,16
2009,10,7,13.8,16.9
2009,10,8,15.2,17.8
2009,10,9,17.4,17.4
2009,10,10,19.5,21.2
2009,10,11,21.4,15.1
2009,10,12,22.2,15.2
2009,10,13,18.9,12.3
2009,10,14,16.4,8
2009,10,15,15.1,13.2
2009,10,16,16.8,12.6
2009,10,17,13.9,8.8
2009,10,18,16.2,17
2009,10,19,22.7,25.9
2009,10,20,28.8,21.2
2009,10,21,18.1,20.6
2009,10,22,19.2,27.3
2009,10,23,18.3,24.1
2009,10,24,20.4,27.5
2009,10,25,16.1,18.9
2009,10,26,20.1,26.9
2009,10,27,23.5,28.4
2009,10,28,22.2,20.4
2009,10,29,30.3,20.9
2009,10,30,27.7,7.3
2009,10,31,33.8,26.1
2009,11,1,19.1,10.7
2009,11,2,29.4,17.4
2009,11,3,22,18.3
2009,11,4,17.9,10.4
2009,11,5,18.2,23.3
2009,11,6,24.6,30.4
2009,11,7,31.4,29.8
2009,11,8,33.4,30
2009,11,9,34.8,30.2
2009,11,10,35.7,28.8
2009,11,11,34.7,29.4
2009,11,12,31.8,28.825
2009,11,13,28.5,30.2
2009,11,14,32.8,26.9
2009,11,15,27.3,31.4
2009,11,16,23.8,29.15
2009,11,17,22.3,31.4
2009,11,18,34.2,NaN
2009,11,19,33.8,NaN
2009,11,20,38,NaN
2009,11,21,25.6,NaN
2009,11,22,18,NaN
2009,11,23,20.6,NaN
2009,11,24,25.1,NaN
2009,11,25,26.8,NaN
2009,11,26,26.7,16.1
2009,11,27,27.1,15.55
2009,11,28,22.2,16.1
2009,11,29,19.2,15
2009,11,30,19.6,17.4
2009,12,1,21.4,32.3
2009,12,2,27.9,33.4
2009,12,3,32.6,15.6
2009,12,4,21.2,32.1
2009,12,5,20.4,17.5
2009,12,6,26,31.8
2009,12,7,23,27.7
2009,12,8,15.8,7
2009,12,9,23.9,34
2009,12,10,24.1,14.2
2009,12,11,19.6,23.5
2009,12,12,21.6,19.1
2009,12,13,20.1,16.6
2009,12,14,19.8,33.2
2009,12,15,29.9,34.8
2009,12,16,37.9,29.3
2009,12,17,21.8,4.7
2009,12,18,23.3,31.9
2009,12,19,20.3,25.3
2009,12,20,21.7,30.9
2009,12,21,27.3,33.1
2009,12,22,26.4,32.7
2009,12,23,38.6,28.8
2009,12,24,26.2,3.6
2009,12,25,19.9,23.7
2009,12,26,20.9,33.5
2009,12,27,23.6,22.7
2009,12,28,25.2,31.5
2009,12,29,25.2,33.8
2009,12,30,36.8,33.7
2009,12,31,36.2,30.4
2010,1,1,18.7,5.9
2010,1,2,20.1,19.6
2010,1,3,19.5,22.1
2010,1,4,26.5,34.2
2010,1,5,24.6,34
2010,1,6,21.8,29.4
2010,1,7,23.8,34.8
2010,1,8,34.8,29.3
2010,1,9,38.2,33.9
2010,1,10,32,33.6
2010,1,11,42.5,30.6
2010,1,12,35.5,18.6
2010,1,13,20.7,17.7
2010,1,14,21.9,31.6
2010,1,15,26.7,32.1
2010,1,16,33.8,30.9
2010,1,17,20.9,22.1
2010,1,18,19.6,23.6
2010,1,19,22.8,28.2
2010,1,20,28.3,24.9
2010,1,21,28.7,28.3
2010,1,22,38.4,9.4
2010,1,23,21.1,25.5
2010,1,24,22.5,27.8
2010,1,25,24.3,31.1
2010,1,26,25.6,28.1
2010,1,27,22,25.7
2010,1,28,26.5,25.6
2010,1,29,22,22.6
2010,1,30,36.1,31.1
2010,1,31,37.2,21.2
2010,2,1,23.7,27.9
2010,2,2,35.2,26.8
2010,2,3,35.5,26.3
2010,2,4,29.2,7.5
2010,2,5,19,7
2010,2,6,26.4,23.8
2010,2,7,32.6,29.6
2010,2,8,35.6,29.2
2010,2,9,34.6,19.6
2010,2,10,34.5,8.4
2010,2,11,31.3,11.9
2010,2,12,20.8,7.6
2010,2,13,20.8,6.9
2010,2,14,26.9,18.4
2010,2,15,26,18.7
2010,2,16,26.1,29.3
2010,2,17,25.3,27.5
2010,2,18,25.1,27.7
2010,2,19,32.6,27.8
2010,2,20,34.1,24.5
2010,2,21,29.4,25.6
2010,2,22,28.7,20
2010,2,23,22.5,22.6
2010,2,24,23.5,27.5
2010,2,25,25.8,27
2010,2,26,32.7,26
2010,2,27,21.8,3.6
2010,2,28,20,16
2010,3,1,20.3,18.5
2010,3,2,21.1,18.8
2010,3,3,27.9,25.1
2010,3,4,30.5,16.2
2010,3,5,27,8.9
2010,3,6,28,9.4
2010,3,7,25.9,10.6
2010,3,8,21.9,11.1
2010,3,9,19.3,17.7
2010,3,10,18.3,15.1
2010,3,11,20.1,21
2010,3,12,24.8,23.8
2010,3,13,26.4,23.7
2010,3,14,27.2,23.1
2010,3,15,28.8,22.6
2010,3,16,30.9,21.9
2010,3,17,32.5,16.7
2010,3,18,31,9.3
2010,3,19,29.1,10.9
2010,3,20,24.8,19.4
2010,3,21,24,15.5
2010,3,22,21,20.2
2010,3,23,22.9,17.6
2010,3,24,21.7,16.6
2010,3,25,29.9,19.9
2010,3,26,29.6,14.4
2010,3,27,21.9,7.6
2010,3,28,26.2,4.4
2010,3,29,21.8,11.9
2010,3,30,20,13.5
2010,3,31,21.7,16.2
2010,4,1,22.4,13.9
2010,4,2,20.5,11.9
2010,4,3,21.4,13.8
2010,4,4,25.6,16.8
2010,4,5,26.3,16.9
2010,4,6,24.9,7.2
2010,4,7,24.1,10.8
2010,4,8,21.9,7.8
2010,4,9,22.3,9.8
2010,4,10,22,7.7
2010,4,11,16.6,13.8
2010,4,12,18.3,11.8
2010,4,13,16.6,7.5
2010,4,14,16.8,8.1
2010,4,15,17.9,7.8
2010,4,16,25.1,15.3
2010,4,17,27.2,14.9
2010,4,18,26.6,13.7
2010,4,19,27.4,11.6
2010,4,20,28.9,12.5
2010,4,21,23.7,11.9
2010,4,22,29.4,13.2
2010,4,23,27.2,3.6
2010,4,24,23.9,5.6
2010,4,25,18.8,9.9
2010,4,26,18.7,13.1
2010,4,27,17.9,3.6
2010,4,28,17.9,9
2010,4,29,16.8,7.2
2010,4,30,16,6.3
2010,5,1,20.1,13.4
2010,5,2,16.8,3.9
2010,5,3,22.8,12.2
2010,5,4,23.8,10.6
2010,5,5,16.1,9.7
2010,5,6,16.8,10.4
2010,5,7,19.7,5.4
2010,5,8,19.2,11.8
2010,5,9,21.8,10.3
2010,5,10,20.1,10.9
2010,5,11,13.8,9.8
2010,5,12,14.1,6.8
2010,5,13,14.2,7.8
2010,5,14,14,5.5
2010,5,15,16.4,6.9
2010,5,16,17.5,10.7
2010,5,17,16.7,10.4
2010,5,18,17.4,10.4
2010,5,19,17.9,10.2
2010,5,20,17.7,8.8
2010,5,21,14.5,5.6
2010,5,22,14.4,10.1
2010,5,23,17.8,9.9
2010,5,24,14.6,2.6
2010,5,25,13.3,2.8
2010,5,26,18.2,8.7
2010,5,27,18.4,6.1
2010,5,28,17,3.9
2010,5,29,16.3,3.8
2010,5,30,16.9,3.1
2010,5,31,16.6,5.8
2010,6,1,17.3,7.8
2010,6,2,16.4,7.6
2010,6,3,14.7,7.3
2010,6,4,11,3.2
2010,6,5,12.5,4.6
2010,6,6,13.3,6.2
2010,6,7,12.9,5.5
2010,6,8,14.4,6.7
2010,6,9,12.2,5.2
2010,6,10,14,7
2010,6,11,13.2,5.3
2010,6,12,12,6.1
2010,6,13,11.6,3.5
2010,6,14,13.9,8.1
2010,6,15,13.8,7.7
2010,6,16,14.1,3.6
2010,6,17,13.1,5.7
2010,6,18,13.6,7.8
2010,6,19,15.9,7.3
2010,6,20,13.7,4.3
2010,6,21,14.3,8.4
2010,6,22,12.2,8.1
2010,6,23,17.3,6.3
2010,6,24,16,6.9
2010,6,25,13.9,2.9
2010,6,26,11.5,7.1
2010,6,27,12,7
2010,6,28,11,8.5
2010,6,29,9.3,3.2
2010,6,30,11.9,6.1
2010,7,1,12.2,6.1
2010,7,2,13,4.1
2010,7,3,12.7,4.2
2010,7,4,11.8,3.3
2010,7,5,11.9,6.3
2010,7,6,12.3,8.6
2010,7,7,12.5,4.3
2010,7,8,12,4.5
2010,7,9,14.6,9
2010,7,10,14,2.5
2010,7,11,15.7,8.7
2010,7,12,15.3,9
2010,7,13,14.8,6
2010,7,14,12,5.2
2010,7,15,13.7,8
2010,7,16,14.2,6.5
2010,7,17,13.3,6.1
2010,7,18,12.8,3.9
2010,7,19,12.6,7.5
2010,7,20,12.4,6
2010,7,21,13,8.1
2010,7,22,13,5.1
2010,7,23,11.1,2.9
2010,7,24,11.2,4
2010,7,25,14.3,8.2
2010,7,26,14.8,10
2010,7,27,13.5,10.5
2010,7,28,11.7,5.1
2010,7,29,13.3,4.5
2010,7,30,17.4,9.1
2010,7,31,15.5,9.5
2010,8,1,13.1,9
2010,8,2,13.6,7
2010,8,3,11.5,5
2010,8,4,13.3,6
2010,8,5,13,9.6
2010,8,6,12.9,8.6
2010,8,7,13.9,10.8
2010,8,8,13.3,12.1
2010,8,9,15.3,10.9
2010,8,10,9.3,3.2
2010,8,11,10.1,3.5
2010,8,12,13.3,7.7
2010,8,13,13.3,7.4
2010,8,14,14.3,7.4
2010,8,15,15.3,5.7
2010,8,16,11.5,11.1
2010,8,17,13.4,11.7
2010,8,18,12.8,3.4
2010,8,19,15.1,11.2
2010,8,20,13,10.8
2010,8,21,14.7,11.5
2010,8,22,15.3,13.9
2010,8,23,15.2,13
2010,8,24,14.1,9
2010,8,25,11.2,7.8
2010,8,26,12.6,9.9
2010,8,27,13,10.2
2010,8,28,13.6,10.3
2010,8,29,14.6,9.5
2010,8,30,16.8,13.9
2010,8,31,12,3.8
2010,9,1,12.1,3.7
2010,9,2,11.9,9.8
2010,9,3,16.4,10.7
2010,9,4,17.6,4.8
2010,9,5,15.7,12.6
2010,9,6,13.1,11.3
2010,9,7,14.3,12.9
2010,9,8,16.2,15.8
2010,9,9,16.1,12.9
2010,9,10,14.8,10.9
2010,9,11,16.7,14.7
2010,9,12,16.5,10.6
2010,9,13,14.5,8.7
2010,9,14,13.6,19.1
2010,9,15,14.8,10.4
2010,9,16,13.6,12
2010,9,17,13.3,9.8
2010,9,18,15.9,11.9
2010,9,19,14.6,11.5
2010,9,20,14.8,9.3
2010,9,21,13.1,7.8
2010,9,22,13.6,8.5
2010,9,23,14.5,12
2010,9,24,15.6,15.2
2010,9,25,18.9,13.1
2010,9,26,21.2,19.8
2010,9,27,16.7,7.9
2010,9,28,13.5,16.6
2010,9,29,13,16.4
2010,9,30,14.9,16.1
2010,10,1,17,21.6
2010,10,2,21.9,23.9
2010,10,3,24,23.2
2010,10,4,23.1,11.4
2010,10,5,20.2,17.5
2010,10,6,22.2,10.8
2010,10,7,15.1,17
2010,10,8,15.9,15.2
2010,10,9,16.9,18.3
2010,10,10,23.9,23
2010,10,11,23.9,22.2
2010,10,12,23.7,13
2010,10,13,13.1,3
2010,10,14,20.1,18.6
2010,10,15,11.1,3.2
2010,10,16,13.5,16.5
2010,10,17,16.2,12.8
2010,10,18,17,17.7
2010,10,19,15.3,24.3
2010,10,20,18.9,26.7
2010,10,21,24,27.2
2010,10,22,27.2,24.9
2010,10,23,15.2,11.5
2010,10,24,15.4,27.2
2010,10,25,22.5,25.8
2010,10,26,22.5,18.8
2010,10,27,16.9,22.2
2010,10,28,22.9,28.7
2010,10,29,26.6,25.7
2010,10,30,20.8,3.4
2010,10,31,15.3,12.5
2010,11,1,15.7,18.8
2010,11,2,17.8,18.3
2010,11,3,14.6,16
2010,11,4,15.6,18.9
2010,11,5,19.8,28.7
2010,11,6,22.5,27.9
2010,11,7,24.1,16.2
2010,11,8,22.6,23.8
2010,11,9,27.5,29.5
2010,11,10,25.2,14.5
2010,11,11,29.4,26.1
2010,11,12,30.4,13.9
2010,11,13,15.4,3
2010,11,14,19,9.2
2010,11,15,16.5,15.8
2010,11,16,16.8,19.8
2010,11,17,22.8,29.5
2010,11,18,16.8,10.9
2010,11,19,18,32.1
2010,11,20,22.3,31.5
2010,11,21,22.6,29.3
2010,11,22,31.6,29.7
2010,11,23,31.4,29.3
2010,11,24,29.9,22.6
2010,11,25,22.4,6.2
2010,11,26,26.8,19.4
2010,11,27,22.2,5.1
2010,11,28,15,13.7
2010,11,29,21.9,17.4
2010,11,30,23.7,25
2010,12,1,24.3,13.3
2010,12,2,25.1,17.2
2010,12,3,28.9,15.6
2010,12,4,29.7,30
2010,12,5,27.2,23.1
2010,12,6,29.9,19.6
2010,12,7,27.2,14.7
2010,12,8,23.5,3.9
2010,12,9,24.3,23.7
2010,12,10,20,23.6
2010,12,11,23.1,26.9
2010,12,12,20.1,22.1
2010,12,13,22,26.9
2010,12,14,27.6,33.3
2010,12,15,26.6,11.3
2010,12,16,20.4,26.7
2010,12,17,24.1,20.9
2010,12,18,19.5,19.7
2010,12,19,18.1,12.7
2010,12,20,19,16.2
2010,12,21,16.9,18.6
2010,12,22,24.7,33.5
2010,12,23,19.2,27.4
2010,12,24,23.8,33.7
2010,12,25,27.4,11.2
2010,12,26,20,16
2010,12,27,15.9,23.2
2010,12,28,22.8,33.6
2010,12,29,29.5,33.5
2010,12,30,26.9,33.7
2010,12,31,40.4,25.7
2011,1,1,24.8,19.9
2011,1,2,20.3,29.8
2011,1,3,19.7,28.4
2011,1,4,22.6,33.2
2011,1,5,21.5,23.5
2011,1,6,30.8,32.2
2011,1,7,33.7,27.4
2011,1,8,34.7,24.7
2011,1,9,20.5,7.6
2011,1,10,22.6,3.9
2011,1,11,24,6.2
2011,1,12,27.6,7.6
2011,1,13,26,3.3
2011,1,14,26.6,17.5
2011,1,15,28.5,31.6
2011,1,16,26.7,29.1
2011,1,17,22.2,14.7
2011,1,18,19.8,14.7
2011,1,19,20.1,19.7
2011,1,20,30,32.3
2011,1,21,32.4,25.2
2011,1,22,27.1,22.3
2011,1,23,28.3,30.2
2011,1,24,20.8,19.1
2011,1,25,28.5,22.3
2011,1,26,19.9,9.5
2011,1,27,26.6,31.5
2011,1,28,21.7,29.4
2011,1,29,29.2,31.1
2011,1,30,37.2,29.2
2011,1,31,36.7,19.2
2011,2,1,39.4,23.7
2011,2,2,29.4,25.4
2011,2,3,25.3,15.4
2011,2,4,30.9,3.9
2011,2,5,18.9,2.9
2011,2,6,18.3,24.5
2011,2,7,20,29.7
2011,2,8,19.4,21.5
2011,2,9,28.4,25.9
2011,2,10,28.3,13.7
2011,2,11,25.5,5.1
2011,2,12,18.9,22.3
2011,2,13,20.4,19.5
2011,2,14,23.9,27.8
2011,2,15,29.3,25.2
2011,2,16,28.1,14.5
2011,2,17,26.7,22.7
2011,2,18,27.8,15.4
2011,2,19,27.1,23.2
2011,2,20,21.1,18.1
2011,2,21,18.4,16.2
2011,2,22,19.1,17.1
2011,2,23,22.2,25.5
2011,2,24,24.8,25.2
2011,2,25,22,16.6
2011,2,26,29.9,20.5
2011,2,27,18.3,4.2
2011,2,28,16.9,3.2
2011,3,1,18.9,20.8
2011,3,2,19.6,21.4
2011,3,3,20,18.6
2011,3,4,17.6,7.4
2011,3,5,21.5,25.6
2011,3,6,26.5,24.7
2011,3,7,28.4,23.8
2011,3,8,26.2,7.1
2011,3,9,22.8,5.9
2011,3,10,16.7,4.6
2011,3,11,26,19.2
2011,3,12,29.9,21.7
2011,3,13,32.3,11.7
2011,3,14,21.1,22.6
2011,3,15,26,19.8
2011,3,16,20,19.2
2011,3,17,18.2,10.8
2011,3,18,18.1,12.7
2011,3,19,22.8,20.4
2011,3,20,29.5,18.7
2011,3,21,24.1,5.9
2011,3,22,23.5,4.5
2011,3,23,22.2,17.5
2011,3,24,18.9,6.3
2011,3,25,17.2,8.5
2011,3,26,17.4,6.5
2011,3,27,19.1,10.7
2011,3,28,24.5,17.6
2011,3,29,28,18.3
2011,3,30,22,12.8
2011,3,31,17.2,14.4
2011,4,1,21.6,18.2
2011,4,2,17.3,13.5
2011,4,3,16.4,6.9
2011,4,4,17.9,10.9
2011,4,5,22.8,18.1
2011,4,6,25.5,17.6
2011,4,7,25.6,17.7
2011,4,8,25.6,17.6
2011,4,9,27.6,9.2
2011,4,10,17.3,12.7
2011,4,11,17.4,12.9
2011,4,12,16.6,5.1
2011,4,13,17.5,8.5
2011,4,14,17.7,7.4
2011,4,15,19,12.5
2011,4,16,18.5,14.4
2011,4,17,19.6,14.8
2011,4,18,22.5,15
2011,4,19,23.7,12.2
2011,4,20,19,5
2011,4,21,20.6,13.9
2011,4,22,16.9,12
2011,4,23,17.2,9.8
2011,4,24,18.7,10.8
2011,4,25,18.6,13.7
2011,4,26,19.4,13.2
2011,4,27,20.7,13.1
2011,4,28,21.8,13
2011,4,29,22.4,11.9
2011,4,30,23.3,12.3
2011,5,1,17.9,4.8
2011,5,2,17.2,8.5
2011,5,3,17.1,8.3
2011,5,4,16.6,7.7
2011,5,5,12.9,4.2
2011,5,6,14.2,8.4
2011,5,7,16.3,8.2
2011,5,8,14.8,4.8
2011,5,9,13.9,8.9
2011,5,10,13.9,8.4
2011,5,11,12.7,9.5
2011,5,12,15.3,4.7
2011,5,13,15.9,6.2
2011,5,14,12.6,7.1
2011,5,15,14,5.5
2011,5,16,13.9,4.6
2011,5,17,14.8,6.6
2011,5,18,16.1,7.7
2011,5,19,17.6,8.4
2011,5,20,18.1,7.2
2011,5,21,20.2,8.4
2011,5,22,18.2,4.6
2011,5,23,16.3,3.8
2011,5,24,13.2,5.3
2011,5,25,13,5
2011,5,26,13.4,6.3
2011,5,27,14.6,5.5
2011,5,28,13.7,4.7
2011,5,29,12.6,3.2
2011,5,30,14,8.5
2011,5,31,15.3,8.4
2011,6,1,17.6,9.1
2011,6,2,18.8,8.9
2011,6,3,16.9,5.7
2011,6,4,15.8,7.6
2011,6,5,15,8.4
2011,6,6,12.1,7.9
2011,6,7,10.6,3.7
2011,6,8,10.6,7.2
2011,6,9,12.9,4.6
2011,6,10,13.5,7.8
2011,6,11,13.8,7.5
2011,6,12,13.2,7
2011,6,13,13.6,6.2
2011,6,14,13.4,7.1
2011,6,15,14.3,7.4
2011,6,16,15.6,5.3
2011,6,17,13.6,7.2
2011,6,18,15.9,6
2011,6,19,15.6,6
2011,6,20,15.4,4.9
2011,6,21,11.3,5.4
2011,6,22,13.2,4.2
2011,6,23,15.4,6.4
2011,6,24,16.7,5.4
2011,6,25,16.1,8.1
2011,6,26,13.9,8.1
2011,6,27,16.1,6.9
2011,6,28,14.6,7.4
2011,6,29,16.9,8.4
2011,6,30,16,8
2011,7,1,15.8,8.1
2011,7,2,15.4,7.9
2011,7,3,11.8,2.3
2011,7,4,14.5,7.6
2011,7,5,12.4,3.1
2011,7,6,13.9,4.2
2011,7,7,11.1,6.6
2011,7,8,11.7,3.8
2011,7,9,13.6,8.7
2011,7,10,13.4,4.9
2011,7,11,13,4.7
2011,7,12,12.7,3.9
2011,7,13,13.5,6.2
2011,7,14,12.5,7.3
2011,7,15,12.1,9
2011,7,16,14.6,8.3
2011,7,17,13.8,5.5
2011,7,18,12.2,6.5
2011,7,19,13.3,4.8
2011,7,20,11.2,2.8
2011,7,21,12.1,4.1
2011,7,22,14.4,9.3
2011,7,23,12.5,7.2
2011,7,24,11.3,4.5
2011,7,25,13.6,4.4
2011,7,26,12.7,7.7
2011,7,27,14,10.5
2011,7,28,15,10.3
2011,7,29,15.9,10.3
2011,7,30,14.6,2.4
2011,7,31,18.7,10.5
2011,8,1,17.9,7.4
2011,8,2,18.7,10.2
2011,8,3,21.2,10.2
2011,8,4,21.2,5.4
2011,8,5,17.2,3.4
2011,8,6,14,6.8
2011,8,7,12.7,5.9
2011,8,8,13,8
2011,8,9,12.6,5.8
2011,8,10,11.5,5.5
2011,8,11,14.4,8.3
2011,8,12,12,9.2
2011,8,13,13,5.5
2011,8,14,17.1,9.7
2011,8,15,13.1,3.4
2011,8,16,20,11.1
2011,8,17,14.4,4.3
2011,8,18,14.2,6.9
2011,8,19,17.1,9.4
2011,8,20,17.3,12.6
2011,8,21,19.1,13.3
2011,8,22,18.2,15
2011,8,23,19,15.1
2011,8,24,19.7,15.2
2011,8,25,21.1,12
2011,8,26,14.3,13.9
2011,8,27,17.1,12.7
2011,8,28,18.4,15.2
2011,8,29,15.1,13.2
2011,8,30,14.9,11.6
2011,8,31,15.1,9.5
2011,9,1,16.9,12.8
2011,9,2,20.3,15.6
2011,9,3,19.8,15.5
2011,9,4,20.7,6.1
2011,9,5,21.5,15.8
2011,9,6,16.9,7.9
2011,9,7,15.5,12.7
2011,9,8,14.7,11.5
2011,9,9,13.1,9.4
2011,9,10,14.9,8.1
2011,9,11,14,11.4
2011,9,12,14.2,9
2011,9,13,19.3,15.5
2011,9,14,17.6,11.2
2011,9,15,16.3,12.3
2011,9,16,22,17
2011,9,17,25.4,14.5
2011,9,18,19.1,14.7
2011,9,19,27.1,18.4
2011,9,20,16.6,11.3
2011,9,21,20.5,10
2011,9,22,24.4,19.8
2011,9,23,15,15.2
2011,9,24,15,16.5
2011,9,25,18.6,20.7
2011,9,26,20.2,20.1
2011,9,27,20.8,12.6
2011,9,28,20.8,4.5
2011,9,29,14.6,9.7
2011,9,30,15.8,14.3
2011,10,1,11.8,5
2011,10,2,15.7,18.4
2011,10,3,18.7,20.7
2011,10,4,21.1,19.4
2011,10,5,21.1,13.3
2011,10,6,20.3,13.3
2011,10,7,19.3,10.9
2011,10,8,17.9,10
2011,10,9,16,15.9
2011,10,10,15,11.6
2011,10,11,16.7,14.7
2011,10,12,16,13.8
2011,10,13,21.9,23.9
2011,10,14,25,23.4
2011,10,15,22.6,17.4
2011,10,16,17.5,23.7
2011,10,17,17.7,25
2011,10,18,24.4,26
2011,10,19,28.5,25.6
2011,10,20,28.1,15.6
2011,10,21,15.1,4
2011,10,22,19,6.3
2011,10,23,29.1,23.6
2011,10,24,18,2.9
2011,10,25,15.4,8.2
2011,10,26,19.4,27.3
2011,10,27,24.1,26.3
2011,10,28,26.6,16
2011,10,29,21.8,23.1
2011,10,30,15.5,11.7
2011,10,31,14.7,11.3
2011,11,1,18,11.4
2011,11,2,15.8,8.7
2011,11,3,16.6,9.6
2011,11,4,20.4,19.1
2011,11,5,29.3,29.3
2011,11,6,25.2,8.8
2011,11,7,27.7,25.7
2011,11,8,25.9,14.1
2011,11,9,28.2,16.5
2011,11,10,21.2,21.6
2011,11,11,23.1,28.5
2011,11,12,23.1,30.1
2011,11,13,24.5,8.4
2011,11,14,25.2,22.9
2011,11,15,28.4,27.4
2011,11,16,18.9,26.7
2011,11,17,26.8,27.6
2011,11,18,34,22.8
2011,11,19,21.9,3.2
2011,11,20,21.6,26.1
2011,11,21,21.5,26.3
2011,11,22,19.9,19.3
2011,11,23,18.4,24.9
2011,11,24,23.2,31.4
2011,11,25,22.4,10.8
2011,11,26,18.4,6.7
2011,11,27,22.8,22.9
2011,11,28,27.8,20.7
2011,11,29,33.4,14.9
2011,11,30,17.9,17.6
2011,12,1,16.8,17
2011,12,2,18.7,31.5
2011,12,3,19.4,24.4
2011,12,4,15.9,11.5
2011,12,5,20.6,32.3
2011,12,6,24.6,30.4
2011,12,7,27.5,30.7
2011,12,8,31.3,31.7
2011,12,9,31,24.3
2011,12,10,28.3,20.6
2011,12,11,19.1,18.7
2011,12,12,19.2,24.1
2011,12,13,17.5,25.7
2011,12,14,18.5,25.9
2011,12,15,22.3,32.5
2011,12,16,27.7,32.3
2011,12,17,31.8,26.8
2011,12,18,25.6,8.7
2011,12,19,22.6,17
2011,12,20,22.1,24.7
2011,12,21,24.6,20.1
2011,12,22,27.3,32.7
2011,12,23,31.4,27.9
2011,12,24,29.5,24.7
2011,12,25,31.1,18.5
2011,12,26,19.8,13.1
2011,12,27,20.4,29.3
2011,12,28,21.7,33.7
2011,12,29,21.6,32.5
2011,12,30,27.5,32.1
2011,12,31,34.2,33.2
2012,1,1,35.3,32.5
2012,1,2,39.2,31.9
2012,1,3,32.4,21.4
2012,1,4,22,29.4
2012,1,5,20.6,30.2
2012,1,6,23.4,31.2
2012,1,7,30.4,11.7
2012,1,8,29.8,19.4
2012,1,9,24.1,24.3
2012,1,10,20.2,15.3
2012,1,11,19,24.1
2012,1,12,21.4,17.8
2012,1,13,21.2,19.5
2012,1,14,19.8,16.5
2012,1,15,23.6,28.9
2012,1,16,33.2,32
2012,1,17,34.8,29.8
2012,1,18,25.3,26.8
2012,1,19,24.2,31.5
2012,1,20,19.9,7.5
2012,1,21,25.9,15
2012,1,22,33.3,31
2012,1,23,32.8,31.6
2012,1,24,34.6,31.5
2012,1,25,26.8,23.7
2012,1,26,24.2,29.8
2012,1,27,30.6,30
2012,1,28,32.6,27.3
2012,1,29,37,26.6
2012,1,30,33.3,19
2012,1,31,19.3,15.1
2012,2,1,24.3,30.4
2012,2,2,26.3,27.6
2012,2,3,27.3,28.5
2012,2,4,34.5,23.2
2012,2,5,32.4,12.3
2012,2,6,24,23.7
2012,2,7,21.2,15.5
2012,2,8,21.7,24.4
2012,2,9,26,26.6
2012,2,10,25.8,19.5
2012,2,11,20.9,14.9
2012,2,12,23,15.7
2012,2,13,24.4,20.7
2012,2,14,28.7,27.4
2012,2,15,34.3,25.4
2012,2,16,33.4,11.7
2012,2,17,21.7,7
2012,2,18,26.6,23.2
2012,2,19,30.2,17.4
2012,2,20,22.4,5.7
2012,2,21,23.9,15.7
2012,2,22,25.8,26.9
2012,2,23,27.2,26.7
2012,2,24,37,27.1
2012,2,25,37.1,26.3
2012,2,26,33.8,23.2
2012,2,27,24.4,3.1
2012,2,28,19.6,5.4
2012,2,29,21.4,7.7
2012,3,1,19.7,3
2012,3,2,23.7,19.6
2012,3,3,18.9,2.3
2012,3,4,25.9,19.1
2012,3,5,20.9,8.6
2012,3,6,20.8,15.9
2012,3,7,21.1,17.6
2012,3,8,20.7,8.7
2012,3,9,25.4,20.6
2012,3,10,20.1,14.3
2012,3,11,19.9,22.1
2012,3,12,22.4,24.5
2012,3,13,29.3,23.8
2012,3,14,30.8,16.6
2012,3,15,27.1,7.7
2012,3,16,22.9,3.2
2012,3,17,20.2,17
2012,3,18,21.6,16.6
2012,3,19,26.3,22.1
2012,3,20,27.1,21.4
2012,3,21,19.5,5.4
2012,3,22,19.6,18.2
2012,3,23,17.1,11.8
2012,3,24,17.8,6.9
2012,3,25,17.4,4.9
2012,3,26,19.5,8.6
2012,3,27,19.2,9.2
2012,3,28,23.1,16.3
2012,3,29,25.3,12.5
2012,3,30,27.1,16.3
2012,3,31,28.9,6.9
2012,4,1,20.2,14
2012,4,2,24.8,18.6
2012,4,3,26.5,16
2012,4,4,25.8,18.2
2012,4,5,26.9,18
2012,4,6,28,14.4
2012,4,7,18.6,14.8
2012,4,8,19.3,10.4
2012,4,9,15.3,9
2012,4,10,14.5,9.3
2012,4,11,17.7,14.8
2012,4,12,22.5,16.3
2012,4,13,24.3,16.7
2012,4,14,24.2,14.1
2012,4,15,26.8,15.8
2012,4,16,19.7,8
2012,4,17,22.9,14
2012,4,18,24.5,14
2012,4,19,24.3,7.1
2012,4,20,22.4,11.2
2012,4,21,23.8,11.6
2012,4,22,23.1,10.2
2012,4,23,18.5,4.8
2012,4,24,12.8,6.6
2012,4,25,14.4,5.5
2012,4,26,17.2,7.8
2012,4,27,18.3,9.8
2012,4,28,20.7,10.6
2012,4,29,15.6,10.1
2012,4,30,17.2,10.7
2012,5,1,22.3,9.9
2012,5,2,12.6,5.3
2012,5,3,12.7,5.7
2012,5,4,16.3,9
2012,5,5,13,6.5
2012,5,6,15,8.2
2012,5,7,14.3,6.8
2012,5,8,19.3,11.8
2012,5,9,21.3,9.9
2012,5,10,19,11.5
2012,5,11,16.5,8.4
2012,5,12,15.2,8.9
2012,5,13,12.9,5.4
2012,5,14,15.3,7.5
2012,5,15,16.1,7.6
2012,5,16,15.9,7.3
2012,5,17,18,10.3
2012,5,18,17.2,7.2
2012,5,19,13.9,3.9
2012,5,20,15,8.2
2012,5,21,15.9,9.6
2012,5,22,17.9,5.1
2012,5,23,19.9,9.4
2012,5,24,14.2,4.6
2012,5,25,11,2.1
2012,5,26,15.9,6.7
2012,5,27,13.9,5.2
2012,5,28,13.7,4
2012,5,29,13.1,4.4
2012,5,30,13.9,3.5
2012,5,31,16.7,8.8
2012,6,1,16.2,9.1
2012,6,2,14.6,8.6
2012,6,3,13.5,5.1
2012,6,4,13.1,3
2012,6,5,11.7,4.7
2012,6,6,12.4,5.3
2012,6,7,13.2,3.9
2012,6,8,13.3,5.2
2012,6,9,12.2,4.4
2012,6,10,12,5
2012,6,11,13.9,8.6
2012,6,12,16.3,8.4
2012,6,13,16.7,6
2012,6,14,13.5,2.7
2012,6,15,15.9,7.4
2012,6,16,14.9,6.8
2012,6,17,14.4,5.5
2012,6,18,15.5,5.7
2012,6,19,12.7,7.4
2012,6,20,11.3,4.7
2012,6,21,9.8,2.5
2012,6,22,10.4,4.2
2012,6,23,13.4,6.4
2012,6,24,15.3,7.7
2012,6,25,15.3,5.5
2012,6,26,10.8,7
2012,6,27,12.7,7.4
2012,6,28,13.1,6.4
2012,6,29,13.4,4.2
2012,6,30,11.9,6.8
2012,7,1,10,3.3
2012,7,2,11.7,4.4
2012,7,3,13.3,6
2012,7,4,11.8,4.3
2012,7,5,12.8,7.9
2012,7,6,11.2,3.8
2012,7,7,12.9,8.7
2012,7,8,14.1,8.1
2012,7,9,14.3,6.3
2012,7,10,12.9,2.6
2012,7,11,15.3,7.2
2012,7,12,12.8,2.9
2012,7,13,14,5.5
2012,7,14,13.4,6.4
2012,7,15,14.5,8.4
2012,7,16,16.5,6.9
2012,7,17,15.6,8.6
2012,7,18,13.2,7.9
2012,7,19,13.5,7.7
2012,7,20,15.3,5.6
2012,7,21,15.8,8.2
2012,7,22,15,7
2012,7,23,15.8,7.2
2012,7,24,14.3,8.4
2012,7,25,14.1,3.9
2012,7,26,12.7,9
2012,7,27,13.7,6.4
2012,7,28,14.8,6.7
2012,7,29,12.3,7
2012,7,30,12.7,6.8
2012,7,31,12.3,9.6
2012,8,1,12.9,9.8
2012,8,2,12.1,7.7
2012,8,3,16.2,9.8
2012,8,4,15.4,10.3
2012,8,5,16.4,8.5
2012,8,6,12.7,10.4
2012,8,7,15.5,11.8
2012,8,8,9.4,2.4
2012,8,9,10.6,9.4
2012,8,10,12.8,7.7
2012,8,11,13.3,7.6
2012,8,12,13.6,7
2012,8,13,15.9,12.8
2012,8,14,14,3.2
2012,8,15,14.1,10.3
2012,8,16,14.2,11.6
2012,8,17,9.6,6.3
2012,8,18,12.2,7.6
2012,8,19,12.6,7.2
2012,8,20,12.9,12.7
2012,8,21,16.1,11.3
2012,8,22,19.1,8.8
2012,8,23,18.2,13.7
2012,8,24,13.5,8
2012,8,25,13.5,11.1
2012,8,26,14,10.8
2012,8,27,14.7,15.8
2012,8,28,17.1,14.8
2012,8,29,19.4,16.4
2012,8,30,12.9,14.9
2012,8,31,13.2,14.2
2012,9,1,13.9,12.8
2012,9,2,18.3,15.2
2012,9,3,21.7,15.1
2012,9,4,23.1,15.6
2012,9,5,19.9,9.9
2012,9,6,18.2,13.9
2012,9,7,14.4,11.1
2012,9,8,15.2,12.5
2012,9,9,17.6,14.3
2012,9,10,18.4,16.6
2012,9,11,20.6,18.2
2012,9,12,20.3,10.6
2012,9,13,13.7,14.6
2012,9,14,14.4,10
2012,9,15,15.2,12.3
2012,9,16,16.3,10.4
2012,9,17,15.6,10.5
2012,9,18,16.8,8.2
2012,9,19,17.5,12.8
2012,9,20,21.6,14.5
2012,9,21,19,13.3
2012,9,22,19.6,19.3
2012,9,23,18.3,17.2
2012,9,24,14.2,18.1
2012,9,25,16.9,21.1
2012,9,26,21.1,20
2012,9,27,26.1,21
2012,9,28,16.5,9.2
2012,9,29,12.4,16.4
2012,9,30,14.9,16.6
2012,10,1,17.3,11.7
2012,10,2,23.8,21.7
2012,10,3,25.8,22.3
2012,10,4,29.9,21.8
2012,10,5,18.2,17.2
2012,10,6,12.5,3.5
2012,10,7,14.5,10.2
2012,10,8,14.9,11.9
2012,10,9,16.9,19.5
2012,10,10,15.1,16.8
2012,10,11,11.7,6.2
2012,10,12,14.3,11.3
2012,10,13,16.3,16
2012,10,14,22.5,25.5
2012,10,15,26.6,11.3
2012,10,16,20.6,8.2
2012,10,17,15.7,16.4
2012,10,18,21,20
2012,10,19,27.8,16.9
2012,10,20,22.4,20.9
2012,10,21,18.8,16.9
2012,10,22,18.1,21.4
2012,10,23,22.8,21
2012,10,24,21,13.7
2012,10,25,21.3,9.8
2012,10,26,15.5,12.3
2012,10,27,14.8,9.9
2012,10,28,18.2,23.4
2012,10,29,28,26.8
2012,10,30,31.2,27.6
2012,10,31,30.4,8
2012,11,1,15.9,11.5
2012,11,2,15,11.5
2012,11,3,25,24.8
2012,11,4,29.2,26.3
2012,11,5,27,3.4
2012,11,6,22.6,6
2012,11,7,19.4,6.4
2012,11,8,22.7,24.5
2012,11,9,18.4,23.5
2012,11,10,19.9,25.4
2012,11,11,27.5,30
2012,11,12,27.2,25
2012,11,13,18.2,28.7
2012,11,14,20.1,27.2
2012,11,15,18.7,15.2
2012,11,16,17.4,20.1
2012,11,17,17.2,12.1
2012,11,18,18.4,22.9
2012,11,19,23.1,31.4
2012,11,20,29.2,26.8
2012,11,21,21.9,22.1
2012,11,22,21.3,31.4
2012,11,23,24.8,28.1
2012,11,24,34.5,21.2
2012,11,25,21.9,24.6
2012,11,26,22.5,20.2
2012,11,27,22.6,13.5
2012,11,28,30.1,31.1
2012,11,29,39.3,31.7
2012,11,30,29,14.7
2012,12,1,28.3,22.3
2012,12,2,19.8,15.6
2012,12,3,21.2,24.5
2012,12,4,18.1,25.6
2012,12,5,19.3,13.8
2012,12,6,21.5,21.1
2012,12,7,30.8,23.8
2012,12,8,37.3,26.6
2012,12,9,19.7,29.7
2012,12,10,21.1,33.5
2012,12,11,28.6,34.1
2012,12,12,34.4,33.2
2012,12,13,37.3,16.7
2012,12,14,22.6,2.9
2012,12,15,25.5,20.8
2012,12,16,23.2,20.6
2012,12,17,22.3,33.7
2012,12,18,28,32.4
2012,12,19,32.8,2.8
2012,12,20,24.2,29
2012,12,21,23.2,34.1
2012,12,22,30.1,33.7
2012,12,23,39.2,28.5
2012,12,24,27,9.7
2012,12,25,21.4,27.7
2012,12,26,24.3,34
2012,12,27,32.2,29.1
2012,12,28,22.7,24.1
2012,12,29,22.9,26.3
2012,12,30,22.1,33.9
2012,12,31,25.8,33.5
2013,1,1,28.9,32.8
2013,1,2,22.2,31.5
2013,1,3,38,33.6
2013,1,4,41.5,33.6
2013,1,5,27.5,32.2
2013,1,6,26.5,31.8
2013,1,7,34.3,32.9
2013,1,8,33.9,25.2
2013,1,9,21.5,27.8
2013,1,10,27.8,33.1
2013,1,11,40.9,30
2013,1,12,25,17.6
2013,1,13,19.8,5.7
2013,1,14,21.5,28.3
2013,1,15,30.1,32.5
2013,1,16,26.5,32.7
2013,1,17,41.3,29.4
2013,1,18,28.6,18.5
2013,1,19,22.3,27.8
2013,1,20,26.6,32.2
2013,1,21,27.8,30.2
2013,1,22,24.8,27.9
2013,1,23,23.3,31
2013,1,24,36,31.5
2013,1,25,27.3,11.9
2013,1,26,21.5,15
2013,1,27,23.8,23.3
2013,1,28,24.5,28.5
2013,1,29,20.3,19.9
2013,1,30,28.7,31
2013,1,31,25.6,13.7
2013,2,1,18.9,23.7
2013,2,2,21.3,27.8
2013,2,3,25,20.2
2013,2,4,22.6,25.8
2013,2,5,29.9,29.6
2013,2,6,37.2,28.5
2013,2,7,32.6,24.6
2013,2,8,30.1,29.4
2013,2,9,32.5,25.1
2013,2,10,22.7,22.9
2013,2,11,25.5,28.7
2013,2,12,25.9,24.5
2013,2,13,32.7,28.6
2013,2,14,32.7,18.6
2013,2,15,31.4,28.1
2013,2,16,34.8,25
2013,2,17,35.3,27
2013,2,18,36.5,27.5
2013,2,19,19.1,4.3
2013,2,20,27.4,27.4
2013,2,21,31.1,17
2013,2,22,31.8,24.4
2013,2,23,31.8,26.9
2013,2,24,34.5,24.3
2013,2,25,33.6,20.5
2013,2,26,28.5,12.3
2013,2,27,29.1,7.1
2013,2,28,18.3,13.8
2013,3,1,23.8,26.4
2013,3,2,26.3,26.7
2013,3,3,28.8,26.6
2013,3,4,31.5,25.9
2013,3,5,32.7,25.5
2013,3,6,33.6,23.9
2013,3,7,35.2,15.5
2013,3,8,34.6,18.6
2013,3,9,35.9,20.8
2013,3,10,36.3,12.8
2013,3,11,36.9,20
2013,3,12,36.2,22.6
2013,3,13,26.5,16.8
2013,3,14,22.2,17.8
2013,3,15,23.2,18.8
2013,3,16,24,10.1
2013,3,17,17.1,7.7
2013,3,18,19.1,10.9
2013,3,19,22.6,21.9
2013,3,20,28.8,19.3
2013,3,21,22.5,9.5
2013,3,22,19.5,6.9
2013,3,23,25,16.4
2013,3,24,25.6,14.7
2013,3,25,23.8,18.5
2013,3,26,30.6,19.6
2013,3,27,35.5,14.6
2013,3,28,20.6,10.4
2013,3,29,17.8,8.6
2013,3,30,21.6,10.4
2013,3,31,17.5,9
2013,4,1,20.1,10.1
2013,4,2,18.9,7.7
2013,4,3,16.9,8.5
2013,4,4,19.7,18.7
2013,4,5,24.6,15.5
2013,4,6,27.1,16.9
2013,4,7,27.7,11.2
2013,4,8,21.8,14.4
2013,4,9,22.3,15
2013,4,10,24.3,16.5
2013,4,11,16.5,3.4
2013,4,12,27.2,15.4
2013,4,13,24.1,3.9
2013,4,14,21.4,10
2013,4,15,15,5.5
2013,4,16,18.2,14.6
2013,4,17,17.6,10
2013,4,18,15.9,6.6
2013,4,19,16.2,11.9
2013,4,20,17.8,11.6
2013,4,21,20.7,13.8
2013,4,22,18.5,5.3
2013,4,23,18.8,10.2
2013,4,24,20.1,8.9
2013,4,25,20.8,12.1
2013,4,26,22,7.3
2013,4,27,24.5,11.8
2013,4,28,19.1,6.6
2013,4,29,18.2,9.9
2013,4,30,17.7,10.2
2013,5,1,16.7,7.2
2013,5,2,16.4,13.2
2013,5,3,19.5,10
2013,5,4,15.3,7.7
2013,5,5,14.7,5.9
2013,5,6,18.6,12.5
2013,5,7,19.9,10
2013,5,8,23.9,10.6
2013,5,9,26.2,11.4
2013,5,10,25,11.3
2013,5,11,24.1,10.8
2013,5,12,23.4,6.5
2013,5,13,17.6,7.8
2013,5,14,13.5,7.6
2013,5,15,15.5,7
2013,5,16,15.4,4.9
2013,5,17,15.5,7.3
2013,5,18,13.5,6.2
2013,5,19,16.9,8.7
2013,5,20,14.6,2.9
2013,5,21,16,9.2
2013,5,22,15,6.8
2013,5,23,15.7,8.8
2013,5,24,16.7,9.1
2013,5,25,18.6,7.6
2013,5,26,15.6,3.3
2013,5,27,14.8,5.4
2013,5,28,17.9,8.5
2013,5,29,18.4,7.6
2013,5,30,15.5,2.5
2013,5,31,17.3,6.1
2013,6,1,15.1,2.8
2013,6,2,14.4,6
2013,6,3,14.3,4.6
2013,6,4,14.5,4.1
2013,6,5,13.6,5.1
2013,6,6,16.5,5.5
2013,6,7,13.9,6.1
2013,6,8,15,8.3
2013,6,9,13.9,8.2
2013,6,10,15.6,6.8
2013,6,11,14.8,2.8
2013,6,12,12.1,2.4
2013,6,13,11.9,2.7
2013,6,14,12.9,4.9
2013,6,15,13.1,4.2
2013,6,16,12.9,7
2013,6,17,10.6,2.8
2013,6,18,13.3,6.2
2013,6,19,12.9,8.2
2013,6,20,14.3,8.3
2013,6,21,13.7,8.2
2013,6,22,13.5,8.2
2013,6,23,12.9,8.2
2013,6,24,11,5.5
2013,6,25,15.4,7.7
2013,6,26,17.3,8.2
2013,6,27,16.8,5.7
2013,6,28,16.3,7.9
2013,6,29,12.8,4.8
2013,6,30,17.7,6.9
2013,7,1,18.2,3.6
2013,7,2,17.9,8.5
2013,7,3,16.1,8.9
2013,7,4,15.4,4.8
2013,7,5,12.9,7.6
2013,7,6,14.7,7.1
2013,7,7,12.3,5.3
2013,7,8,14,7.3
2013,7,9,13.1,9.2
2013,7,10,14.4,9.2
2013,7,11,14.7,8
2013,7,12,16.5,8.1
2013,7,13,14,2.9
2013,7,14,14.9,2.6
2013,7,15,17.5,7
2013,7,16,16.1,6.8
2013,7,17,16.8,6.3
2013,7,18,21.3,7.3
2013,7,19,15.7,8.1
2013,7,20,8.4,2.9
2013,7,21,9.9,9.7
2013,7,22,13,8.4
2013,7,23,12.1,5.2
2013,7,24,13.3,6.1
2013,7,25,11.6,8.6
2013,7,26,15,9.5
2013,7,27,13.3,8.8
2013,7,28,16.4,5
2013,7,29,18.2,10.4
2013,7,30,14.7,9.8
2013,7,31,14.3,10.4
2013,8,1,13.9,10.2
2013,8,2,13.1,6.4
2013,8,3,12.3,4.4
2013,8,4,13.3,7.2
2013,8,5,14.9,5.8
2013,8,6,14.8,10
2013,8,7,13.3,6.6
2013,8,8,13,9.2
2013,8,9,11.1,2.8
2013,8,10,16.3,12.3
2013,8,11,15.5,12.2
2013,8,12,14.8,10.7
2013,8,13,15.6,12.7
2013,8,14,13.8,6
2013,8,15,16.6,11.4
2013,8,16,15.7,13.7
2013,8,17,15.6,11.1
2013,8,18,17,8.9
2013,8,19,11.7,11.7
2013,8,20,12.2,11
2013,8,21,13.8,11.4
2013,8,22,15,10
2013,8,23,14.9,5.4
2013,8,24,15.4,8.4
2013,8,25,16.7,9.3
2013,8,26,18.5,13.3
2013,8,27,19.8,12.5
2013,8,28,21.3,11.2
2013,8,29,22.8,9.5
2013,8,30,19.1,10.2
2013,8,31,21.4,16.3
2013,9,1,21.9,15.1
2013,9,2,20.9,15.4
2013,9,3,24.6,15.4
2013,9,4,23.2,12.1
2013,9,5,18.2,2.4
2013,9,6,14.2,3.4
2013,9,7,18.4,11.1
2013,9,8,17.3,15.1
2013,9,9,22.3,12
2013,9,10,16.3,12.6
2013,9,11,15.8,14
2013,9,12,13.3,13.8
2013,9,13,15.2,11.6
2013,9,14,17.7,11.2
2013,9,15,21.3,17.6
2013,9,16,17,3.7
2013,9,17,18.9,12
2013,9,18,19.1,9.6
2013,9,19,16.4,10.5
2013,9,20,17,11.9
2013,9,21,19.1,15
2013,9,22,21.4,17.2
2013,9,23,22.3,13
2013,9,24,23.7,14.9
2013,9,25,23.2,19.8
2013,9,26,15,17.3
2013,9,27,19.5,20
2013,9,28,15,14.5
2013,9,29,20.9,20.4
2013,9,30,22.8,7.8
2013,10,1,15.8,16
2013,10,2,16.9,12.6
2013,10,3,14.4,15.6
2013,10,4,20.3,22.4
2013,10,5,24.9,12.4
2013,10,6,17.4,12.8
2013,10,7,16.9,20
2013,10,8,20.6,20.2
2013,10,9,25.8,18.9
2013,10,10,16.8,3.1
2013,10,11,19.5,22.8
2013,10,12,24.4,24.3
2013,10,13,16.4,10.3
2013,10,14,14.2,15.6
2013,10,15,19,24
2013,10,16,26.9,16.9
2013,10,17,14.8,19.5
2013,10,18,21.2,25.7
2013,10,19,25.3,25.8
2013,10,20,32.7,17.4
2013,10,21,17,4.2
2013,10,22,16.7,3.5
2013,10,23,15.2,8.1
2013,10,24,14.7,14.9
2013,10,25,15.5,13.1
2013,10,26,16.4,11.3
2013,10,27,16.7,15
2013,10,28,17.8,7.6
2013,10,29,16.2,15.3
2013,10,30,17.6,13.9
2013,10,31,16.9,18.4
2013,11,1,23.5,26.4
2013,11,2,27.1,24.8
2013,11,3,16.4,18.1
2013,11,4,16.9,24.6
2013,11,5,25.2,27.8
2013,11,6,29.6,27.4
2013,11,7,23.8,10
2013,11,8,18.3,3.5
2013,11,9,15.1,11.1
2013,11,10,16.3,15.3
2013,11,11,17.7,12.5
2013,11,12,16.2,3.7
2013,11,13,14.1,5.7
2013,11,14,17.4,11.7
2013,11,15,17.5,19.6
2013,11,16,17.7,13.2
2013,11,17,19.6,28.4
2013,11,18,26.7,29
2013,11,19,30.3,24.3
2013,11,20,17.4,6.1
2013,11,21,24.1,21.8
2013,11,22,21,20.7
2013,11,23,19,12.4
2013,11,24,18.9,9.7
2013,11,25,21.7,27.5
2013,11,26,27.7,26.1
2013,11,27,32.3,24.2
2013,11,28,24.5,2.3
2013,11,29,16.1,9.8
2013,11,30,20,27
2013,12,1,30.7,29.1
2013,12,2,35.5,30.7
2013,12,3,26.9,14
2013,12,4,20.5,3.4
2013,12,5,15.8,6.1
2013,12,6,17.7,23.1
2013,12,7,26,32.7
2013,12,8,27.9,3.9
2013,12,9,19.6,2.5
2013,12,10,20.2,23.8
2013,12,11,21.4,17.6
2013,12,12,24.1,32
2013,12,13,24.4,18.3
2013,12,14,18.9,27.2
2013,12,15,20.7,28.6
2013,12,16,21.1,26.3
2013,12,17,22.7,30.2
2013,12,18,29.8,29.8
2013,12,19,39.3,29.3
2013,12,20,26.7,25.9
2013,12,21,20.3,5.2
2013,12,22,28.6,3.5
2013,12,23,16.9,9.6
2013,12,24,23,33.8
2013,12,25,31.6,31.6
2013,12,26,28.5,21.6
2013,12,27,24.4,27.1
2013,12,28,37.2,29
2013,12,29,19.9,34.5
2013,12,30,21.2,34.4
2013,12,31,25.6,33.7
2014,1,1,25.1,3.1
2014,1,2,23.6,29.4
2014,1,3,23.6,29
2014,1,4,21.1,16.3
2014,1,5,27.2,28.5
2014,1,6,19.9,19.5
2014,1,7,19.1,18.7
2014,1,8,27.3,32.9
2014,1,9,32.4,31.8
2014,1,10,34.9,30.2
2014,1,11,23.1,19.1
2014,1,12,24.6,26
2014,1,13,34.6,32.5
2014,1,14,43.5,31.2
2014,1,15,42.9,21.9
2014,1,16,43.1,23
2014,1,17,43.9,29.5
2014,1,18,25.7,19.7
2014,1,19,23.1,27.8
2014,1,20,24.7,18.5
2014,1,21,22.6,21.1
2014,1,22,23.4,31.6
2014,1,23,33.7,31
2014,1,24,22.8,11.3
2014,1,25,20.3,26.4
2014,1,26,28.2,31.4
2014,1,27,35.5,30.9
2014,1,28,42.1,29.6
2014,1,29,23.7,22.5
2014,1,30,31.1,28.4
2014,1,31,28.1,28.3
2014,2,1,33.7,29
2014,2,2,40.5,29.8
2014,2,3,37.5,10.5
2014,2,4,25,28.8
2014,2,5,30.9,28.7
2014,2,6,35.3,27.7
2014,2,7,37.9,25.3
2014,2,8,42.2,27.6
2014,2,9,41.2,26.8
2014,2,10,23.7,28.4
2014,2,11,27.3,25
2014,2,12,28.1,21.5
2014,2,13,26.4,7.1
2014,2,14,27,7.3
2014,2,15,28.2,10.1
2014,2,16,22.9,18
2014,2,17,25.7,25.7
2014,2,18,31.9,23.5
2014,2,19,25.7,15.6
2014,2,20,20.2,22.7
2014,2,21,20.6,17.2
2014,2,22,19.7,9.6
2014,2,23,24.6,26.4
2014,2,24,27.3,24.3
2014,2,25,36.4,17.4
2014,2,26,21.5,14.1
2014,2,27,21.3,19.4
2014,2,28,23.2,25.1
2014,3,1,23.2,12.1
2014,3,2,22.6,18.3
2014,3,3,26.7,23.5
2014,3,4,34.1,22.6
2014,3,5,22.9,3.2
2014,3,6,21,23
2014,3,7,22.7,10.5
2014,3,8,27.9,18.9
2014,3,9,33.4,22.5
2014,3,10,35.2,14.7
2014,3,11,32.1,4.4
2014,3,12,21.3,18.4
2014,3,13,23.7,21.3
2014,3,14,28.6,21.1
2014,3,15,30.2,6.5
2014,3,16,20,13.7
2014,3,17,25.3,10.5
2014,3,18,25.1,11.5
2014,3,19,22.1,20.2
2014,3,20,31.1,20.8
2014,3,21,25.7,11.7
2014,3,22,18.4,9.4
2014,3,23,16.8,7.1
2014,3,24,18.3,7.7
2014,3,25,24.3,15.6
2014,3,26,27.3,14.1
2014,3,27,25.9,8.1
2014,3,28,22,9.5
2014,3,29,24.4,16.1
2014,3,30,26.6,13.9
2014,3,31,32,17.4
2014,4,1,33.7,17.2
2014,4,2,23.6,4.2
2014,4,3,17.3,3.8
2014,4,4,18.6,5.8
2014,4,5,24.3,10.7
2014,4,6,23.2,14.3
2014,4,7,25.2,11.3
2014,4,8,20.9,3.5
2014,4,9,17.5,3.6
2014,4,10,18.2,3.3
2014,4,11,17,2.9
2014,4,12,20.7,10.5
2014,4,13,20.4,13.1
2014,4,14,20.3,13.9
2014,4,15,19.5,13.6
2014,4,16,22.6,13
2014,4,17,24.4,14.6
2014,4,18,18.9,5.7
2014,4,19,16.2,7.5
2014,4,20,18.6,8
2014,4,21,19,10.2
2014,4,22,17.3,3
2014,4,23,18.8,12.5
2014,4,24,17,12.7
2014,4,25,20.1,14.1
2014,4,26,19,6.6
2014,4,27,16.1,13.2
2014,4,28,21,9.4
2014,4,29,18,2.6
2014,4,30,15.9,9.2
2014,5,1,15.6,9.6
2014,5,2,13.6,5.3
2014,5,3,15.5,8.3
2014,5,4,12.7,6.6
2014,5,5,16.3,6.7
2014,5,6,14.4,7.2
2014,5,7,14.5,9.1
2014,5,8,17.5,11.9
2014,5,9,16.8,6.5
2014,5,10,16.9,3.8
2014,5,11,18.9,9.2
2014,5,12,18.5,11.1
2014,5,13,20.4,9.8
2014,5,14,20.7,10.2
2014,5,15,21.6,10.3
2014,5,16,23.3,8.8
2014,5,17,18.8,4.3
2014,5,18,21.2,6.5
2014,5,19,22.8,8.7
2014,5,20,22.1,4.7
2014,5,21,23.4,9.4
2014,5,22,20.7,6.6
2014,5,23,20.2,4.9
2014,5,24,17,7.9
2014,5,25,19.5,8.2
2014,5,26,19.4,4.2
2014,5,27,20,3.6
2014,5,28,18.3,5.4
2014,5,29,15,5.1
2014,5,30,17.2,9
2014,5,31,18.4,5.8
2014,6,1,14.3,3.2
2014,6,2,15,4.8
2014,6,3,16.3,5.2
2014,6,4,17.9,7
2014,6,5,14.9,7.1
2014,6,6,14.9,6.2
2014,6,7,15.7,5.2
2014,6,8,13.5,7
2014,6,9,14.2,8.6
2014,6,10,18.1,8.4
2014,6,11,16.2,6.6
2014,6,12,15,3.9
2014,6,13,16.6,7.8
2014,6,14,14.6,3.7
2014,6,15,14.3,7.1
2014,6,16,15.8,4.3
2014,6,17,15.1,5.7
2014,6,18,13.1,5.1
2014,6,19,11.1,6.1
2014,6,20,14.7,6.4
2014,6,21,14.8,6.5
2014,6,22,14.5,6.2
2014,6,23,14.6,5.4
2014,6,24,13.6,6
2014,6,25,15.3,6
2014,6,26,15.4,6.6
2014,6,27,14.1,5.7
2014,6,28,11.9,5.7
2014,6,29,11.7,4.9
2014,6,30,12.3,5.9
2014,7,1,12,4
2014,7,2,15.8,7.7
2014,7,3,11.7,8.9
2014,7,4,10.8,8.2
2014,7,5,14.5,5.7
2014,7,6,13.2,6.2
2014,7,7,15.3,8.6
2014,7,8,13.6,8.2
2014,7,9,10.6,3.9
2014,7,10,13.5,5.7
2014,7,11,14.4,8.6
2014,7,12,10.3,8
2014,7,13,13.1,8.4
2014,7,14,12.4,6.2
2014,7,15,11.7,3
2014,7,16,13.8,8.6
2014,7,17,11.7,8.6
2014,7,18,11.4,8.2
2014,7,19,11.7,5.1
2014,7,20,12.8,6.8
2014,7,21,13.4,8.6
2014,7,22,10.1,5.9
2014,7,23,12.4,8.7
2014,7,24,13.8,6
2014,7,25,15.9,8.3
2014,7,26,14.3,3.5
2014,7,27,16.4,9.2
2014,7,28,16.2,10.5
2014,7,29,15.7,5.7
2014,7,30,18,8.5
2014,7,31,18.6,9.6
2014,8,1,10.2,7.7
2014,8,2,12.3,10.4
2014,8,3,13.8,11.6
2014,8,4,14.1,11.7
2014,8,5,15.8,8.4
2014,8,6,15.3,7.4
2014,8,7,12.8,5.7
2014,8,8,15.3,7.1
2014,8,9,13.1,6.4
2014,8,10,11.5,10.1
2014,8,11,11.1,10.8
2014,8,12,11.5,8.3
2014,8,13,13.5,9.8
2014,8,14,14.5,9.3
2014,8,15,16.7,13
2014,8,16,12.9,9.8
2014,8,17,13.7,8.2
2014,8,18,12.7,5.4
2014,8,19,11.8,6.2
2014,8,20,12.4,6.8
2014,8,21,17,10.6
2014,8,22,19.1,13.8
2014,8,23,19.6,14
2014,8,24,15.5,8.1
2014,8,25,15.1,8.1
2014,8,26,17.7,13.8
2014,8,27,18.9,14.7
2014,8,28,20.3,14.6
2014,8,29,14.7,7.7
2014,8,30,20.8,15.4
2014,8,31,20.9,14.6
2014,9,1,14.1,2.7
2014,9,2,13.8,11.4
2014,9,3,13.1,11.4
2014,9,4,14.6,13
2014,9,5,15.2,16.3
2014,9,6,20.1,16.4
2014,9,7,19.8,17.1
2014,9,8,21.2,14.5
2014,9,9,19.6,10.3
2014,9,10,18.6,14.6
2014,9,11,15.4,14.4
2014,9,12,14.1,9.4
2014,9,13,18.2,17.8
2014,9,14,19.6,17
2014,9,15,18.1,8.2
2014,9,16,13.9,3
2014,9,17,14.2,14.1
2014,9,18,13.5,12.4
2014,9,19,15.7,14.9
2014,9,20,15.7,14.9
2014,9,21,16.2,19.1
2014,9,22,22.6,20.4
2014,9,23,25,19
2014,9,24,23.3,11.3
2014,9,25,15,7.5
2014,9,26,17.1,12.4
2014,9,27,22.7,18.8
2014,9,28,27.2,19.5
2014,9,29,22,19.6
2014,9,30,24.4,15.1
2014,10,1,15.6,16
2014,10,2,18,9.6
2014,10,3,18.7,15.5
2014,10,4,25.8,21.2
2014,10,5,18.4,20.3
2014,10,6,25.5,3.9
2014,10,7,16.8,14.7
2014,10,8,19.8,11.5
2014,10,9,23.5,21
2014,10,10,23.5,10
2014,10,11,21.4,19.2
2014,10,12,31.3,21.7
2014,10,13,15.6,14.1
2014,10,14,15.6,16.3
2014,10,15,15.7,12.9
2014,10,16,15.9,9
2014,10,17,18,24.8
2014,10,18,24.8,18.6
2014,10,19,28.2,18
2014,10,20,19.8,26.7
2014,10,21,27.6,25.7
2014,10,22,31.3,23.1
2014,10,23,20.2,9.8
2014,10,24,31.4,23.8
2014,10,25,20.7,17.5
2014,10,26,25.2,20.3
2014,10,27,18.5,17.6
2014,10,28,20,13.2
2014,10,29,23,22.1
2014,10,30,22.5,25.4
2014,10,31,32.6,23
2014,11,1,16.9,17.8
2014,11,2,16.9,17.4
2014,11,3,24.7,25.9
2014,11,4,29.3,16.6
2014,11,5,18.2,25.7
2014,11,6,23.4,28.1
2014,11,7,32.3,28.6
2014,11,8,36.3,26.8
2014,11,9,19.9,29.6
2014,11,10,20.5,21.4
2014,11,11,18.3,25.1
2014,11,12,27.4,28.3
2014,11,13,33.4,21.5
2014,11,14,20.3,9.1
2014,11,15,17.1,10.8
2014,11,16,20.2,13.7
2014,11,17,21.2,21.3
2014,11,18,20.2,23
2014,11,19,29,28.9
2014,11,20,31.2,3.1
2014,11,21,23.5,26.7
2014,11,22,30.7,11.9
2014,11,23,25.7,26.5
2014,11,24,20.1,2.3
2014,11,25,21.6,25.4
2014,11,26,17.9,8.7
2014,11,27,18.8,28.9
2014,11,28,21.2,29.3
2014,11,29,26.6,29.5
2014,11,30,35,28.9
2014,12,1,28.7,21.6
2014,12,2,27.2,31.1
2014,12,3,22.5,6.8
2014,12,4,26.8,29.2
2014,12,5,20,5.4
2014,12,6,22,11
2014,12,7,17.3,7.2
2014,12,8,20.1,15.4
2014,12,9,21.5,29.9
2014,12,10,20.3,9.3
2014,12,11,20.7,20.7
2014,12,12,25.8,33.2
2014,12,13,30.7,33
2014,12,14,26.9,27.8
2014,12,15,25.1,30
2014,12,16,33.6,30.3
2014,12,17,22.5,29.8
2014,12,18,24.4,18.7
2014,12,19,19.7,22.4
2014,12,20,24.5,32.7
2014,12,21,33.3,28
2014,12,22,25.4,17.8
2014,12,23,28.7,9.9
2014,12,24,21.9,32.2
2014,12,25,25.9,33.1
2014,12,26,19.9,27.1
2014,12,27,23.3,34.1
2014,12,28,33.4,32
2014,12,29,28.6,17.6
2014,12,30,24.2,24.8
2014,12,31,26.3,32.6
2015,1,1,28.2,24.5
2015,1,2,40.5,29.4
2015,1,3,39.4,26.1
2015,1,4,23.3,22.4
2015,1,5,24.6,30.2
2015,1,6,30,31.6
2015,1,7,40.3,26.6
2015,1,8,29.9,8.9
2015,1,9,16.7,3
2015,1,10,21.1,6.6
2015,1,11,28.1,18.9
2015,1,12,31.2,31.8
2015,1,13,25.5,5
2015,1,14,22.6,14.7
2015,1,15,20.5,12.3
2015,1,16,27.7,31.1
2015,1,17,25.9,30.2
2015,1,18,20.1,18.6
2015,1,19,22.7,29.9
2015,1,20,30.1,17.3
2015,1,21,33.7,25.1
2015,1,22,36,24.3
2015,1,23,27.8,29.9
2015,1,24,29.6,30.8
2015,1,25,23,24.2
2015,1,26,21.5,23
2015,1,27,20.5,15
2015,1,28,25.5,25.1
2015,1,29,22.8,27.5
2015,1,30,21.9,26.7
2015,1,31,23,21
2015,2,1,18.7,8.8
2015,2,2,23.6,20.6
2015,2,3,22.7,27
2015,2,4,20.2,18.8
2015,2,5,26.5,29.2
2015,2,6,36.8,24.4
2015,2,7,36,16.8
2015,2,8,23.5,14.7
2015,2,9,27.6,29
2015,2,10,31.1,27.9
2015,2,11,35.4,25.1
2015,2,12,25.3,21.7
2015,2,13,32.9,13.6
2015,2,14,26.9,20.1
2015,2,15,34.7,25.8
2015,2,16,25.6,27
2015,2,17,20.7,6.3
2015,2,18,21.6,10.6
2015,2,19,31,25
2015,2,20,26.6,25.3
2015,2,21,37.7,21.5
2015,2,22,37,13.7
2015,2,23,29.5,5
2015,2,24,20.5,19.4
2015,2,25,27.6,23.7
2015,2,26,25.3,20.2
2015,2,27,26.1,21.1
2015,2,28,33,7.4
2015,3,1,21.6,21
2015,3,2,24.1,21.5
2015,3,3,23,20
2015,3,4,25,23.4
2015,3,5,20.3,19.9
2015,3,6,20.8,8
2015,3,7,24.5,12.8
2015,3,8,26.6,19.8
2015,3,9,24.4,18.3
2015,3,10,23.3,21.9
2015,3,11,26.6,22.6
2015,3,12,20.8,16.1
2015,3,13,20.5,21.3
2015,3,14,30.3,20.2
2015,3,15,18.5,16.8
2015,3,16,25.1,13.1
2015,3,17,27.4,3.7
2015,3,18,26.3,10.6
2015,3,19,34.1,15.9
2015,3,20,20.9,17.6
2015,3,21,22.1,20.8
2015,3,22,29.3,19.6
2015,3,23,27.3,3.9
2015,3,24,15.4,6.5
2015,3,25,21.9,13.1
2015,3,26,19.9,10.7
2015,3,27,18.9,11
2015,3,28,20,14.7
2015,3,29,24.9,18.2
2015,3,30,24.9,17.9
2015,3,31,27.8,18
2015,4,1,30.8,12.4
2015,4,2,17.9,15.5
2015,4,3,19.8,17.3
2015,4,4,24.8,15.3
2015,4,5,20.6,11
2015,4,6,17.7,10.5
2015,4,7,16.9,4.3
2015,4,8,17.9,10.1
2015,4,9,19,11.1
2015,4,10,19.5,15.9
2015,4,11,24.7,14.9
2015,4,12,18.8,11.7
2015,4,13,21.6,14.3
2015,4,14,24.9,7.2
2015,4,15,27.3,13.8
2015,4,16,18.4,9
2015,4,17,16.1,6.6
2015,4,18,21.8,10.3
2015,4,19,14.2,10.4
2015,4,20,15.8,12.1
2015,4,21,17.6,12.4
2015,4,22,18.5,6.9
2015,4,23,17.3,5.9
2015,4,24,21.1,7.9
2015,4,25,13.9,4.8
2015,4,26,16.2,8.5
2015,4,27,15.9,7.3
2015,4,28,16,7.3
2015,4,29,17.1,12.4
2015,4,30,19.3,12.5
2015,5,1,22.5,12.4
2015,5,2,22.5,6.9
2015,5,3,18.6,10.6
2015,5,4,22.5,11.7
2015,5,5,16.8,8
2015,5,6,16.3,7.3
2015,5,7,15,8.4
2015,5,8,16.2,6.4
2015,5,9,18.9,9.2
2015,5,10,15.7,7.2
2015,5,11,15.4,7.7
2015,5,12,16.4,6.2
2015,5,13,12.4,9.1
2015,5,14,15.4,5.4
2015,5,15,13.7,6.2
2015,5,16,18.3,10.3
2015,5,17,19.7,10.5
2015,5,18,20,10.4
2015,5,19,15.4,3.7
2015,5,20,18.2,8.5
2015,5,21,12,3.8
2015,5,22,13.7,6.1
2015,5,23,13.2,9.4
2015,5,24,17,8.7
2015,5,25,16.3,7.1
2015,5,26,15.4,6.2
2015,5,27,17.7,6.8
2015,5,28,19.5,8.8
2015,5,29,16,6.9
2015,5,30,16.5,9.1
2015,5,31,16.5,5.3
2015,6,1,11.1,8.4
2015,6,2,10.6,5.2
2015,6,3,12.2,6
2015,6,4,9.9,4.5
2015,6,5,13.8,6
2015,6,6,16.6,8.6
2015,6,7,13,5.7
2015,6,8,17.3,8.4
2015,6,9,13.5,6.7
2015,6,10,12.5,5.4
2015,6,11,13.4,8.6
2015,6,12,13.1,7.1
2015,6,13,17.5,8.1
2015,6,14,17.6,7.6
2015,6,15,17.1,7
2015,6,16,15.4,3.4
2015,6,17,14,4.4
2015,6,18,11.4,4.3
2015,6,19,11.4,7.1
2015,6,20,11.1,6.2
2015,6,21,11.9,8.7
2015,6,22,12.4,6.5
2015,6,23,17.1,5.8
2015,6,24,16.3,7.4
2015,6,25,14.1,5.8
2015,6,26,15.8,7.3
2015,6,27,13.7,4.7
2015,6,28,14.5,5.5
2015,6,29,13,6.2
2015,6,30,13.2,7
2015,7,1,14.5,7.4
2015,7,2,11.9,7.7
2015,7,3,10.9,6.2
2015,7,4,10.1,2.8
2015,7,5,15.4,7.5
2015,7,6,11.4,4.9
2015,7,7,13.8,6.8
2015,7,8,14.3,7.8
2015,7,9,12.2,3.6
2015,7,10,13.4,5.1
2015,7,11,13,4.4
2015,7,12,10.8,3
2015,7,13,12,4.8
2015,7,14,9.6,5.1
2015,7,15,9.3,6.2
2015,7,16,12,8
2015,7,17,11.9,6.4
2015,7,18,11.1,8
2015,7,19,13.1,9
2015,7,20,13.8,9.9
2015,7,21,15.5,8.6
2015,7,22,15.7,6.5
2015,7,23,14.6,9.3
2015,7,24,14.4,5.9
2015,7,25,12.5,7.2
2015,7,26,10.9,9.5
2015,7,27,13.1,9.3
2015,7,28,15.1,8.8
2015,7,29,13.6,8.4
2015,7,30,11.4,4.1
2015,7,31,13.8,10.7
2015,8,1,11.1,5
2015,8,2,14.1,9
2015,8,3,10.4,9.1
2015,8,4,10.9,8.2
2015,8,5,11.3,9.1
2015,8,6,13.5,7.2
2015,8,7,12.5,7.3
2015,8,8,12,6.3
2015,8,9,12.1,6.9
2015,8,10,15.1,11.6
2015,8,11,13.9,10.9
2015,8,12,12.7,8.2
2015,8,13,12.9,7.6
2015,8,14,15.6,8.9
2015,8,15,14.8,10.1
2015,8,16,16.7,11.3
2015,8,17,11.9,10.5
2015,8,18,9.8,7.4
2015,8,19,13.1,9.7
2015,8,20,16,12.3
2015,8,21,17.3,3.7
2015,8,22,19.1,11.7
2015,8,23,16.5,11.6
2015,8,24,13.5,9
2015,8,25,13.5,6.9
2015,8,26,15.4,9.8
2015,8,27,11.3,3.7
2015,8,28,12.8,8.7
2015,8,29,10.8,8.7
2015,8,30,11.7,8.1
2015,8,31,13.1,11.6
2015,9,1,16.4,16
2015,9,2,18.3,7.6
2015,9,3,13.9,8.4
2015,9,4,13.5,10.7
2015,9,5,14.1,10.6
2015,9,6,15.4,11.4
2015,9,7,13.2,10
2015,9,8,13.2,11.6
2015,9,9,14.9,10.2
2015,9,10,16.2,11.1
2015,9,11,19.7,18
2015,9,12,21.5,11
2015,9,13,24.9,17.8
2015,9,14,25.7,18.1
2015,9,15,16.5,15.6
2015,9,16,15.2,12.7
2015,9,17,15,10.4
2015,9,18,14.5,11
2015,9,19,20.9,17
2015,9,20,22.7,17.8
2015,9,21,17.5,9.2
2015,9,22,12.6,15.6
2015,9,23,12.6,20
2015,9,24,15.3,16.7
2015,9,25,17.9,20.5
2015,9,26,19.6,20.7
2015,9,27,20.8,19.5
2015,9,28,22.4,15.1
2015,9,29,17.5,15.4
2015,9,30,16.9,15.7
2015,10,1,23.3,21.8
2015,10,2,28.5,21.9
2015,10,3,31,21.6
2015,10,4,28.2,22.5
2015,10,5,34.6,22.1
2015,10,6,35.9,21.2
2015,10,7,16.9,23
2015,10,8,22.5,23.5
2015,10,9,29.5,20.2
2015,10,10,30.2,15.2
2015,10,11,26.8,12.7
2015,10,12,15.4,9.8
2015,10,13,19.5,24.7
2015,10,14,28.8,24.6
2015,10,15,34.1,22.1
2015,10,16,26.6,8.3
2015,10,17,22.3,21.5
2015,10,18,20.1,22.2
2015,10,19,28.1,26.1
2015,10,20,32.4,15.7
2015,10,21,18.2,5.2
2015,10,22,15.9,7.3
2015,10,23,16.8,18.2
2015,10,24,22,24.4
2015,10,25,32.8,19.1
2015,10,26,17.4,13.5
2015,10,27,23.7,28.2
2015,10,28,27.3,27.9
2015,10,29,27.3,26.8
2015,10,30,27.9,25.4
2015,10,31,25.9,14.1
2015,11,1,27,13.9
2015,11,2,15.5,7.1
2015,11,3,19,23.4
2015,11,4,28,18.8
2015,11,5,24.7,17.3
2015,11,6,19.6,9
2015,11,7,17.7,22.5
2015,11,8,25.5,25.7
2015,11,9,34.2,26.1
2015,11,10,15.9,6.4
2015,11,11,18.9,12.5
2015,11,12,24.4,26
2015,11,13,19.2,23.1
2015,11,14,19.4,21.8
2015,11,15,19.7,25.8
2015,11,16,27.6,28.5
2015,11,17,33.9,26
2015,11,18,29.3,29.2
2015,11,19,32.7,20.5
2015,11,20,19.3,7.3
2015,11,21,18.4,24.4
2015,11,22,21.2,29
2015,11,23,22.3,21.6
2015,11,24,27.3,31.1
2015,11,25,34.6,10.7
2015,11,26,17.8,26
2015,11,27,18.2,18.1
2015,11,28,21.7,30.9
2015,11,29,21.2,19.1
2015,11,30,33,29.6
2015,12,1,25,22
2015,12,2,19.6,28.7
2015,12,3,22.6,32.3
2015,12,4,32.1,32.4
2015,12,5,28.5,28.8
2015,12,6,29.9,17.2
2015,12,7,27.4,6
2015,12,8,37,23.9
2015,12,9,28.2,30.8
2015,12,10,26.3,31.3
2015,12,11,19.8,15.4
2015,12,12,19.2,28.8
2015,12,13,29.8,30.8
2015,12,14,25.9,31.6
2015,12,15,28.2,30.5
2015,12,16,29.7,31.7
2015,12,17,36.8,33.4
2015,12,18,40.9,25.4
2015,12,19,43.1,21.9
2015,12,20,39.7,15.8
2015,12,21,20.9,22.7
2015,12,22,25.7,29.8
2015,12,23,28.7,32.1
2015,12,24,35,32.9
2015,12,25,35.4,33.3
2015,12,26,21.2,19.2
2015,12,27,20.5,27.9
2015,12,28,22.9,33.5
2015,12,29,27.2,33.6
2015,12,30,35.2,31.9
2015,12,31,39.6,29.1
2016,1,1,28.7,20
2016,1,2,27.5,23.1
2016,1,3,28.2,20.9
2016,1,4,24.5,11.4
2016,1,5,25.6,16.6
2016,1,6,25.3,18.1
2016,1,7,23.4,26.8
2016,1,8,22.8,27.5
2016,1,9,24.1,25.7
2016,1,10,32.1,30.8
2016,1,11,38.3,16.6
2016,1,12,30.3,29.5
2016,1,13,43.6,26.6
2016,1,14,18,4.2
2016,1,15,19.7,17.9
2016,1,16,25,32.8
2016,1,17,32.8,31.6
2016,1,18,36.5,30.8
2016,1,19,33.5,25.4
2016,1,20,31,16.2
2016,1,21,27.5,13
2016,1,22,23.7,6.5
2016,1,23,22.6,15.9
2016,1,24,23.7,14.8
2016,1,25,22.3,24
2016,1,26,29.6,27.3
2016,1,27,28.9,21
2016,1,28,30.7,12.1
2016,1,29,19.1,10.5
2016,1,30,22.8,17.6
2016,1,31,20.6,17.9
2016,2,1,25,29.8
2016,2,2,32.4,24.4
2016,2,3,21.3,9.1
2016,2,4,21.3,14.2
2016,2,5,28.8,29.3
2016,2,6,32.5,29
2016,2,7,31.7,28.3
2016,2,8,24.3,23.2
2016,2,9,26.1,29
2016,2,10,25.1,25.2
2016,2,11,25.7,26.9
2016,2,12,28.1,26.9
2016,2,13,37.5,21.6
2016,2,14,26.7,24
2016,2,15,27.7,26
2016,2,16,18.8,13.1
2016,2,17,23.6,14.7
2016,2,18,22.9,12.5
2016,2,19,23,10.7
2016,2,20,22.3,22.3
2016,2,21,28.1,26.4
2016,2,22,30.6,10.6
2016,2,23,41.4,19.8
2016,2,24,29.6,15.9
2016,2,25,29.9,15.3
2016,2,26,25.1,17
2016,2,27,24.2,15.6
2016,2,28,23.9,22.4
2016,2,29,25.1,18
2016,3,1,34.5,23.4
2016,3,2,37.3,22.8
2016,3,3,26.4,17.8
2016,3,4,39.2,19
2016,3,5,24.5,13.5
2016,3,6,28.8,21
2016,3,7,23.9,5.8
2016,3,8,40.2,21.5
2016,3,9,30.7,10.3
2016,3,10,20.2,4.4
2016,3,11,28.3,18.6
2016,3,12,21.7,6.9
2016,3,13,24.1,12.6
2016,3,14,20.1,7.8
2016,3,15,27.8,19.5
2016,3,16,31.7,18.9
2016,3,17,33.2,19.4
2016,3,18,20.4,11.4
2016,3,19,19.4,11.1
2016,3,20,22,20.1
2016,3,21,22.7,19.9
2016,3,22,25.9,21.6
2016,3,23,29.4,14.3
2016,3,24,21.1,6.7
2016,3,25,21.9,14.4
2016,3,26,20.3,5.3
2016,3,27,19.5,11.6
2016,3,28,19.7,10.5
2016,3,29,18,6.8
2016,3,30,18.3,7
2016,3,31,24.3,17.1
2016,4,1,27,15.3
2016,4,2,20.9,8.5
2016,4,3,19.8,15.6
2016,4,4,23.8,18.7
2016,4,5,29.2,16.2
2016,4,6,15.4,4.6
2016,4,7,18.6,11.9
2016,4,8,20.1,10.7
2016,4,9,22.7,10.7
2016,4,10,23.5,13.6
2016,4,11,20.7,9.1
2016,4,12,19.4,11.8
2016,4,13,19.7,12.7
2016,4,14,28,13.4
2016,4,15,28.7,16.6
2016,4,16,20.7,8.3
2016,4,17,19.3,14.8
2016,4,18,25.5,15.4
2016,4,19,27.6,14.7
2016,4,20,28.7,14.6
2016,4,21,24.8,4.9
2016,4,22,16.5,9.6
2016,4,23,18.3,8.1
2016,4,24,21.1,15.2
2016,4,25,25,15.2
2016,4,26,25.7,15.1
2016,4,27,23.8,10.6
2016,4,28,23.6,5.1
2016,4,29,19.1,3.7
2016,4,30,23.4,11.8
2016,5,1,16.6,10.5
2016,5,2,17.6,12.9
2016,5,3,19.6,8.2
2016,5,4,17.2,12.5
2016,5,5,21,13.1
2016,5,6,25.1,13.8
2016,5,7,25.5,11.5
2016,5,8,19.1,3.5
2016,5,9,21.3,9.3
2016,5,10,16.6,7.9
2016,5,11,16.8,5.3
2016,5,12,21.7,9.6
2016,5,13,21.5,11.5
2016,5,14,21.1,13.1
2016,5,15,21.3,10.8
2016,5,16,18.7,8.3
2016,5,17,17.5,6.1
2016,5,18,19.2,8.8
2016,5,19,17.7,5.1
2016,5,20,17.4,7.9
2016,5,21,18.3,9.4
2016,5,22,20.7,7.8
2016,5,23,16.3,8.9
2016,5,24,15.9,8.9
2016,5,25,15.8,5.3
2016,5,26,11.1,2.8
2016,5,27,14.6,9.1
2016,5,28,13.4,7.6
2016,5,29,12.7,6.8
2016,5,30,13.9,9.7
2016,5,31,16.6,9.7
2016,6,1,16,9.4
2016,6,2,13.2,9.6
2016,6,3,14,8.3
2016,6,4,14.3,3.9
2016,6,5,14,3.5
2016,6,6,13.2,7.2
2016,6,7,14.2,5
2016,6,8,13.5,4.7
2016,6,9,17.3,7.8
2016,6,10,15.1,8.2
2016,6,11,12.7,5.8
2016,6,12,13.4,7.9
2016,6,13,12.8,9.3
2016,6,14,14.5,8.7
2016,6,15,17.5,9.2
2016,6,16,13.3,4.6
2016,6,17,14.4,3.8
2016,6,18,11.7,4.3
2016,6,19,12.4,6.9
2016,6,20,12.4,3.4
2016,6,21,14.1,7
2016,6,22,14.9,6.7
2016,6,23,13.5,5.8
2016,6,24,9.6,6.8
2016,6,25,11.9,8.1
2016,6,26,10.2,8.3
2016,6,27,10.4,4.9
2016,6,28,15.9,8.3
2016,6,29,15,9.4
2016,6,30,10.3,4.4
2016,7,1,13.1,8
2016,7,2,15.1,7.3
2016,7,3,16.2,9.1
2016,7,4,11.6,2.2
2016,7,5,11.9,2.6
2016,7,6,11.8,3.5
2016,7,7,12.2,4.5
2016,7,8,15.5,8.2
2016,7,9,14.6,9.5
2016,7,10,12.4,3.7
2016,7,11,14.7,6.4
2016,7,12,12.7,8.8
2016,7,13,10.8,9.5
2016,7,14,12.7,5.7
2016,7,15,12.9,7.3
2016,7,16,14,10.2
2016,7,17,15.1,10.3
2016,7,18,18.7,9.3
2016,7,19,15.2,5.3
2016,7,20,15.1,9
2016,7,21,17.5,9.1
2016,7,22,17.3,6.6
2016,7,23,10.6,9.5
2016,7,24,11.4,10.5
2016,7,25,13.5,9.4
2016,7,26,10.2,8.1
2016,7,27,11.7,6.7
2016,7,28,15.3,6.8
2016,7,29,14.2,6.4
2016,7,30,13.7,7.7
2016,7,31,16.1,11.3
2016,8,1,13.2,4.6
2016,8,2,12.3,9.5
2016,8,3,12.4,8.3
2016,8,4,13.4,10.3
2016,8,5,15,9
2016,8,6,13.5,7.1
2016,8,7,15.6,11.4
2016,8,8,13.1,9.1
2016,8,9,16.8,9.3
2016,8,10,14.8,12
2016,8,11,14.1,12.1
2016,8,12,13.8,10.8
2016,8,13,14.7,10.4
2016,8,14,16.8,9.6
2016,8,15,17.3,13.5
2016,8,16,18,13.4
2016,8,17,15,8.5
2016,8,18,20.1,12.8
2016,8,19,15.8,3.6
2016,8,20,12.6,11.6
2016,8,21,14.1,8.8
2016,8,22,16.4,8.8
2016,8,23,13.7,13.8
2016,8,24,13.2,12
2016,8,25,12.9,11.7
2016,8,26,13,9.1
2016,8,27,15.4,13.6
2016,8,28,18.5,12.5
2016,8,29,18.6,13.4
2016,8,30,16.9,4.2
2016,8,31,19.5,13
2016,9,1,15,7.1
2016,9,2,13.5,8.5
2016,9,3,14.4,9.5
2016,9,4,16.5,12.3
2016,9,5,18,14.4
2016,9,6,20.7,14.9
2016,9,7,20.3,16
2016,9,8,22.4,15.9
2016,9,9,15.4,4.5
2016,9,10,13.8,8.4
2016,9,11,16.6,13.8
2016,9,12,13.7,7.1
2016,9,13,13.1,4.1
2016,9,14,15,12.9
2016,9,15,14.2,9.1
2016,9,16,15.7,12.4
2016,9,17,19,18.7
2016,9,18,11.7,6
2016,9,19,15.3,16.7
2016,9,20,18.7,19.1
2016,9,21,15.7,8.8
2016,9,22,12.3,6.7
2016,9,23,18,16
2016,9,24,19.4,17.3
2016,9,25,15.3,17.1
2016,9,26,16.7,10.6
2016,9,27,15.5,16.2
2016,9,28,17.8,19.3
2016,9,29,16.2,16.7
2016,9,30,15.2,12.2
2016,10,1,17.7,12.9
2016,10,2,22.1,18.2
2016,10,3,15.6,17.3
2016,10,4,16.6,11.9
2016,10,5,16,6.9
2016,10,6,25,22.6
2016,10,7,20.9,4.7
2016,10,8,16.7,22.5
2016,10,9,20.3,13.8
2016,10,10,16,16.5
2016,10,11,14.9,18.5
2016,10,12,16.1,14.1
2016,10,13,14.8,23.4
2016,10,14,21.7,24.5
2016,10,15,23.6,20.5
2016,10,16,21.4,10
2016,10,17,18.4,17.9
2016,10,18,16.1,15
2016,10,19,15.9,20.5
2016,10,20,21.1,25.5
2016,10,21,16.3,4.4
2016,10,22,11.9,9.3
2016,10,23,13.2,16.6
2016,10,24,17.8,21.1
2016,10,25,24.1,22
2016,10,26,19.3,9.4
2016,10,27,15.7,23.7
2016,10,28,17.4,26.7
2016,10,29,24.4,26
2016,10,30,26,20.3
2016,10,31,17.1,18.4
2016,11,1,18.7,18.8
2016,11,2,18.8,14.3
2016,11,3,21.5,27.5
2016,11,4,28.3,26.1
2016,11,5,16.5,14
2016,11,6,21.7,25.4
2016,11,7,25.4,17.5
2016,11,8,18.5,28.7
2016,11,9,18.6,18.4
2016,11,10,18.1,18.4
2016,11,11,21.9,28.6
2016,11,12,24.3,16.7
2016,11,13,19.1,13.1
2016,11,14,16.6,13.9
2016,11,15,18.9,13.8
2016,11,16,21.6,24.8
2016,11,17,30.9,27.5
2016,11,18,20.1,15
2016,11,19,22.1,29.8
2016,11,20,33.8,25
2016,11,21,34.3,17.6
2016,11,22,13.9,2
2016,11,23,16.4,13
2016,11,24,18.1,14.7
2016,11,25,17.8,12.8
2016,11,26,18.9,15.4
2016,11,27,18.5,14.4
2016,11,28,21.1,25.2
2016,11,29,22.4,29.9
2016,11,30,20.4,15.2
2016,12,1,24.6,26.4
2016,12,2,22.7,25.3
2016,12,3,23.2,30.8
2016,12,4,31.7,13.5
2016,12,5,22.1,21.7
2016,12,6,21.2,21.4
2016,12,7,28.4,30.7
2016,12,8,23.4,17
2016,12,9,18.3,14.9
2016,12,10,19.3,27.7
2016,12,11,20.9,23.9
2016,12,12,33,28.9
2016,12,13,35.9,11.4
2016,12,14,19.9,17.1
2016,12,15,19.7,29.3
2016,12,16,24.1,13.9
2016,12,17,21.5,24.4
2016,12,18,18.6,29.5
2016,12,19,30.9,27.4
2016,12,20,23.2,25.6
2016,12,21,20.4,20.3
2016,12,22,22,29.4
2016,12,23,32,28.7
2016,12,24,34.9,28.8
2016,12,25,36.6,30.6
2016,12,26,30,8.5
2016,12,27,28,8.1
2016,12,28,38.2,16.2
2016,12,29,34.7,16.2
2016,12,30,31.2,28.7
2016,12,31,25.2,30.1
2017,1,1,21.8,9.9
2017,1,2,19.3,12.7
2017,1,3,21.2,25.4
2017,1,4,30.2,30.8
2017,1,5,33.8,25.9
2017,1,6,34.4,30.6
2017,1,7,36.8,27.7
2017,1,8,34.7,25.5
2017,1,9,24,10.3
2017,1,10,29.6,28.5
2017,1,11,26.9,26
2017,1,12,29,31.4
2017,1,13,29.9,3.2
2017,1,14,24.3,19.2
2017,1,15,22.6,28.2
2017,1,16,33.4,30.8
2017,1,17,38.3,26.6
2017,1,18,21.2,25
2017,1,19,25.8,30.4
2017,1,20,21,10.7
2017,1,21,22.2,24.1
2017,1,22,30.1,30.4
2017,1,23,37.4,19.2
2017,1,24,23.8,26.7
2017,1,25,23.3,29.9
2017,1,26,21.5,17.3
2017,1,27,25.7,29
2017,1,28,31.3,29.3
2017,1,29,28.9,29.4
2017,1,30,30.7,1.7
2017,1,31,22.6,28.2
2017,2,1,21,11.6
2017,2,2,26.4,26.3
2017,2,3,28.4,28.4
2017,2,4,36.5,27.4
2017,2,5,30.9,5.6
2017,2,6,17.2,3.5
2017,2,7,26.7,27.7
2017,2,8,35.5,27.8
2017,2,9,37.4,16.1
2017,2,10,31.2,22.6
2017,2,11,27.2,22.7
2017,2,12,20.7,11.3
2017,2,13,21.3,12.1
2017,2,14,20.3,15.8
2017,2,15,31.8,25.2
2017,2,16,25.2,22.8
2017,2,17,25.6,23.5
2017,2,18,19.3,15.1
2017,2,19,17.5,12.8
2017,2,20,22.2,16.9
2017,2,21,25.1,25.5
2017,2,22,34,24
2017,2,23,26.8,23.3
2017,2,24,20.9,13.2
2017,2,25,21.2,23.5
2017,2,26,30.2,23.7
2017,2,27,32.7,24
2017,2,28,33.9,23.7
2017,3,1,33.2,23.6
2017,3,2,26.1,23.1
2017,3,3,27.3,16.7
2017,3,4,29.7,22.8
2017,3,5,26,14.3
2017,3,6,27.7,21
2017,3,7,27.9,22.4
2017,3,8,31.1,21.9
2017,3,9,32.7,20.8
2017,3,10,26.9,20.3
2017,3,11,27.9,13.6
2017,3,12,33.3,17.7
2017,3,13,26.6,19.7
2017,3,14,32.9,19.1
2017,3,15,33.9,19.6
2017,3,16,23.2,7.8
2017,3,17,21.9,20.1
2017,3,18,30.7,19.9
2017,3,19,34.6,19.6
2017,3,20,29.1,13.8
2017,3,21,27.7,8.5
2017,3,22,21,3.5
2017,3,23,24.8,13.2
2017,3,24,25.3,16.4
2017,3,25,31.7,13.8
2017,3,26,26.2,12.1
2017,3,27,31.7,9
2017,3,28,24.4,18.3
2017,3,29,27.6,15.3
2017,3,30,18.8,12.8
2017,3,31,18.7,12.3
2017,4,1,19,10.5
2017,4,2,18.4,11.3
2017,4,3,21.7,17.2
2017,4,4,24.8,15.2
2017,4,5,25.9,15.6
2017,4,6,26,12.7
2017,4,7,26.7,14.6
2017,4,8,28.8,13.7
2017,4,9,14.8,4.8
2017,4,10,14,3.7
2017,4,11,19,12.2
2017,4,12,19.5,14.2
2017,4,13,23.6,15.4
2017,4,14,17.6,7.8
2017,4,15,16.6,9
2017,4,16,21.7,10.6
2017,4,17,17.9,9.7
2017,4,18,21.4,14.5
2017,4,19,26.3,13
2017,4,20,26.3,11.7
2017,4,21,19.1,4.4
2017,4,22,22.1,12
2017,4,23,22,10.6
2017,4,24,23.4,11.1
2017,4,25,18.1,6.4
2017,4,26,14.2,9.7
2017,4,27,14.4,7.8
2017,4,28,18.6,6.8
2017,4,29,19.4,8
2017,4,30,16.1,7.4
2017,5,1,18.7,8.1
2017,5,2,14.8,9.2
2017,5,3,14.9,10
2017,5,4,16.6,12.1
2017,5,5,19.7,11.3
2017,5,6,19.5,5.9
2017,5,7,14.5,7.2
2017,5,8,15.2,6.9
2017,5,9,15.8,7.2
2017,5,10,17.2,11.4
2017,5,11,16.6,9.1
2017,5,12,19.2,9.6
2017,5,13,15.2,9.7
2017,5,14,13.5,6.5
2017,5,15,15.3,7.8
2017,5,16,18.2,10.8
2017,5,17,15.8,4
2017,5,18,19.7,8.6
2017,5,19,17.2,4.7
2017,5,20,18.5,10.1
2017,5,21,17.5,7.9
2017,5,22,19.1,10.2
2017,5,23,18,8.8
2017,5,24,17.1,8.7
2017,5,25,17.4,6.5
2017,5,26,17.4,8.7
2017,5,27,17.8,8
2017,5,28,14.1,6
2017,5,29,14,8.6
2017,5,30,13.4,6.8
2017,5,31,12.6,8.6
2017,6,1,12.8,5.9
2017,6,2,14.4,7.4
2017,6,3,14.2,6.9
2017,6,4,14.9,9.5
2017,6,5,17.5,6
2017,6,6,12.8,6.3
2017,6,7,13.5,9.2
2017,6,8,14.7,7.9
2017,6,9,14.2,8.3
2017,6,10,14.5,8.9
2017,6,11,16.8,8.8
2017,6,12,16.9,6.4
2017,6,13,13.7,7.1
2017,6,14,16.1,9.2
2017,6,15,17.1,7.3
2017,6,16,16.6,8.7
2017,6,17,15.3,9
2017,6,18,15.9,7.4
2017,6,19,15.7,6.6
2017,6,20,15.3,9.2
2017,6,21,13.2,4.5
2017,6,22,13,5.4
2017,6,23,13.2,8.5
2017,6,24,12.6,7.8
2017,6,25,13.9,6.8
2017,6,26,12.8,6.3
2017,6,27,10.6,3.9
2017,6,28,13.8,6.3
2017,6,29,12.2,5.7
2017,6,30,11.7,7.2
2017,7,1,12.6,9.4
2017,7,2,12.6,9.2
2017,7,3,12.9,4
2017,7,4,15.9,8.3
2017,7,5,14.3,7.3
2017,7,6,14.4,9.2
2017,7,7,12.8,9.6
2017,7,8,13.9,6.5
2017,7,9,14.1,8.8
2017,7,10,16,8
2017,7,11,13.8,8.2
2017,7,12,14.3,9.7
2017,7,13,12.6,5.4
2017,7,14,14.9,9
2017,7,15,12.4,8.5
2017,7,16,11.3,8.6
2017,7,17,14.9,5.3
2017,7,18,14.2,8.1
2017,7,19,12.1,6.5
2017,7,20,10.7,7.7
2017,7,21,14.1,10.6
2017,7,22,12.1,6.7
2017,7,23,14.6,6.9
2017,7,24,15.4,7.7
2017,7,25,16.6,9.8
2017,7,26,14.9,8.1
2017,7,27,12.2,8
2017,7,28,14.7,9.2
2017,7,29,16.1,11.2
2017,7,30,17,10.5
2017,7,31,14.7,11.5
2017,8,1,14.7,11.5
2017,8,2,12.5,9
2017,8,3,8.3,3.5
2017,8,4,11.8,7.1
2017,8,5,13.7,11.9
2017,8,6,12,7.9
2017,8,7,12.1,6.9
2017,8,8,14.8,8.5
2017,8,9,15.9,11.6
2017,8,10,18.1,12
2017,8,11,16.2,9
2017,8,12,17.9,9.3
2017,8,13,18,11.8
2017,8,14,19.8,13.1
2017,8,15,16.6,3.7
2017,8,16,17.6,13
2017,8,17,15.7,9.4
2017,8,18,11.7,9.8
2017,8,19,11,10
2017,8,20,12.9,14.1
2017,8,21,12.4,8.5
2017,8,22,17,10.7
2017,8,23,17.5,9.3
2017,8,24,13.5,10.8
2017,8,25,13.7,12.1
2017,8,26,14.8,7.7
2017,8,27,9.5,11.5
2017,8,28,11.7,9.2
2017,8,29,13,8
2017,8,30,12.4,9.4
2017,8,31,14.3,15.9
2017,9,1,16.9,12.6
2017,9,2,16.1,6.5
2017,9,3,16,9.2
2017,9,4,13.4,12.5
2017,9,5,13.4,11.4
2017,9,6,15.4,10.1
2017,9,7,15,11.5
2017,9,8,13.9,14.1
2017,9,9,15.3,14.4
2017,9,10,15.9,14.2
2017,9,11,16.9,7.8
2017,9,12,21,5.6
2017,9,13,16.1,11.2
2017,9,14,14.5,12
2017,9,15,17.1,9.1
2017,9,16,13.6,15.3
2017,9,17,17.8,19.1
2017,9,18,21.6,15.9
2017,9,19,14.5,13.6
2017,9,20,18.9,18.5
2017,9,21,22.8,13.1
2017,9,22,25.2,19
2017,9,23,30.2,19.3
2017,9,24,19.4,18.7
2017,9,25,15,8.9
2017,9,26,16.3,19.7
2017,9,27,24.3,17
2017,9,28,18.8,16.1
2017,9,29,18.4,17.6
2017,9,30,16.5,15.2
2017,10,1,18.5,10.3
2017,10,2,18.1,16.4
2017,10,3,23.4,21.7
2017,10,4,26.3,20.2
2017,10,5,21.2,8.9
2017,10,6,16.2,14.3
2017,10,7,23.5,17.7
2017,10,8,24.9,19.2
2017,10,9,19.9,17.8
2017,10,10,21.1,23.5
2017,10,11,24.9,7.8
2017,10,12,18.8,17.2
2017,10,13,17.6,6.8
2017,10,14,17.8,22.8
2017,10,15,21.7,24.4
2017,10,16,28.6,24
2017,10,17,30.4,24.8
2017,10,18,30.5,24.9
2017,10,19,25.7,11.7
2017,10,20,16.8,21.4
2017,10,21,15.1,8
2017,10,22,17.2,9.5
2017,10,23,21.4,24.7
2017,10,24,24.4,13.3
2017,10,25,18,13
2017,10,26,16.8,7.2
2017,10,27,27,26.3
2017,10,28,21.9,18.3
2017,10,29,28.7,26.9
2017,10,30,15.8,18.1
2017,10,31,16.9,19.5
2017,11,1,18.5,10.4
2017,11,2,15.5,8.5
2017,11,3,17,19.8
2017,11,4,16.4,22.5
2017,11,5,18,24.8
2017,11,6,17.4,17.1
2017,11,7,16,16.2
2017,11,8,18.9,25.3
2017,11,9,23.3,28.5
2017,11,10,28,22.7
2017,11,11,27.9,28
2017,11,12,27.6,26.6
2017,11,13,33.9,25.9
2017,11,14,34.4,28.9
2017,11,15,30.9,14.1
2017,11,16,21.2,5.5
2017,11,17,27.1,21.5
2017,11,18,29.4,22.9
2017,11,19,29.3,23.4
2017,11,20,31.4,27.8
2017,11,21,32.5,27.6
2017,11,22,33,30.5
2017,11,23,33.9,28.9
2017,11,24,31.6,16.1
2017,11,25,33.4,18.5
2017,11,26,27.5,20.55
2017,11,27,22.4,16.8
2017,11,28,30.6,30.8
2017,11,29,35.9,29.7
2017,11,30,35.3,27
2017,12,1,24.7,3.7
2017,12,2,15.1,3.6
2017,12,3,16.4,11.7
2017,12,4,16.4,6.5
2017,12,5,22.3,19.5
2017,12,6,22.4,19.5
2017,12,7,23.6,19.2
2017,12,8,19.8,24.2
2017,12,9,24.6,21.5
2017,12,10,23.6,30.7
2017,12,11,21.8,29.5
2017,12,12,27.9,31.2
2017,12,13,37.4,32
2017,12,14,25.4,20
2017,12,15,26.1,32.1
2017,12,16,25.1,32
2017,12,17,25.6,30.2
2017,12,18,33.8,23.5
2017,12,19,38.3,20
2017,12,20,24.8,18.3
2017,12,21,24.6,32.2
2017,12,22,28.7,27.4
2017,12,23,31.5,18.5
2017,12,24,20.1,24.1
2017,12,25,21.5,29.5
2017,12,26,30.1,31.4
2017,12,27,34.7,31.5
2017,12,28,32.7,13.2
2017,12,29,24.8,6.5
2017,12,30,22.2,19.1
2017,12,31,26.2,31.7
2018,1,1,26.2,31.5
2018,1,2,23.6,25.9
2018,1,3,22.3,28.5
2018,1,4,25.5,31.7
2018,1,5,30.5,31.8
2018,1,6,41.5,31.8
2018,1,7,22,11.2
2018,1,8,23.6,17.2
2018,1,9,22.8,22.7
2018,1,10,25.5,27.1
2018,1,11,35.1,25.5
2018,1,12,30.4,5.1
2018,1,13,22.1,12.3
2018,1,14,19.8,24.7
2018,1,15,21.7,16.1
2018,1,16,26.3,31.1
2018,1,17,32.1,30.9
2018,1,18,39.8,30.9
2018,1,19,42.4,30.6
2018,1,20,27.1,20.5
2018,1,21,29.8,14.2
2018,1,22,27.8,28.9
2018,1,23,25.3,27.1
2018,1,24,25.6,27.2
2018,1,25,30.1,27.5
2018,1,26,31.3,17.2
2018,1,27,33.7,26.1
2018,1,28,38.7,29.5
2018,1,29,34.5,8.8
2018,1,30,19.9,10.3
2018,1,31,19,17.5
2018,2,1,22.7,28.7
2018,2,2,23.3,26.8
2018,2,3,27.8,28.1
2018,2,4,27.8,28.5
2018,2,5,28.1,25.5
2018,2,6,30.8,28
2018,2,7,37.4,27.4
2018,2,8,29.9,19.5
2018,2,9,27,15.6
2018,2,10,31.2,3.9
2018,2,11,22.1,16.5
2018,2,12,23.7,21.9
2018,2,13,30,25.3
2018,2,14,23.9,25.3
2018,2,15,24.2,19
2018,2,16,23.8,23.4
2018,2,17,27.5,25.4
2018,2,18,26.5,18.7
2018,2,19,26.7,14.5
2018,2,20,29.3,25.5
2018,2,21,29.3,12.5
2018,2,22,29.1,10.6
2018,2,23,34.5,14.8
2018,2,24,33.8,6.5
2018,2,25,19.3,9.8
2018,2,26,26.9,24.2
2018,2,27,31.7,23.8
2018,2,28,32,21.8
2018,3,1,21.9,14.7
2018,3,2,24.4,18
2018,3,3,34.2,21.8
2018,3,4,22.5,18.3
2018,3,5,21.4,15.3
2018,3,6,26.4,22.4
2018,3,7,29.8,22.1
2018,3,8,31.4,21.9
2018,3,9,31.7,21.7
2018,3,10,36,21.4
2018,3,11,26.1,15
2018,3,12,21.4,12
2018,3,13,22.3,14.6
2018,3,14,22.7,18.5
2018,3,15,22.3,13.3
2018,3,16,27.2,14.4
2018,3,17,31.7,12.9
2018,3,18,24.2,13.2
2018,3,19,27.9,18.5
2018,3,20,18.4,8.3
2018,3,21,26.1,18.6
2018,3,22,27.9,18.5
2018,3,23,29.2,18.4
2018,3,24,24.1,6.4
2018,3,25,25.8,13.5
2018,3,26,19.7,11.9
2018,3,27,22.2,13.6
2018,3,28,30.7,17.7
2018,3,29,23,15.6
2018,3,30,24.7,14.4
2018,3,31,23.8,17.1
2018,4,1,28.4,10.8
2018,4,2,21.4,13.6
2018,4,3,20.5,14.2
2018,4,4,23.3,16.7
2018,4,5,20.4,11.8
2018,4,6,21,10.1
2018,4,7,22.8,16
2018,4,8,31.3,14.3
2018,4,9,26.2,15.8
2018,4,10,28,5.3
2018,4,11,30.4,13.1
2018,4,12,28.2,6.5
2018,4,13,25.8,14.6
2018,4,14,15.4,4.4
2018,4,15,19.6,4.5
2018,4,16,22.2,8.4
2018,4,17,16.3,9
2018,4,18,24.1,14
2018,4,19,24,13.1
2018,4,20,22,14
2018,4,21,24.8,11.5
2018,4,22,23.2,13
2018,4,23,28.7,13
2018,4,24,24.2,5.6
2018,4,25,21.6,10.2
2018,4,26,18.6,7.7
2018,4,27,17.4,8.7
2018,4,28,18.6,12
2018,4,29,18.4,9.6
2018,4,30,20.9,12.1
2018,5,1,24.1,12.4
2018,5,2,22.9,6.1
2018,5,3,24.7,7
2018,5,4,16.5,6.2
2018,5,5,20.8,9.4
2018,5,6,21,10.5
2018,5,7,19.1,5.2
2018,5,8,18.7,11.1
2018,5,9,18.4,8.2
2018,5,10,13.4,9.1
2018,5,11,13.3,3.6
2018,5,12,16.2,6.6
2018,5,13,16,9.1
2018,5,14,15.4,10
2018,5,15,13.8,5
2018,5,16,14,5.8
2018,5,17,13.9,5.5
2018,5,18,17.2,7.2
2018,5,19,14.3,6.5
2018,5,20,16,3.1
2018,5,21,15.4,5.9
2018,5,22,16,3.4
2018,5,23,14.1,4.5
2018,5,24,15.7,5
2018,5,25,15.9,9.8
2018,5,26,19.8,9.9
2018,5,27,19.9,8.3
2018,5,28,20.8,4.3
2018,5,29,16.9,9
2018,5,30,14.9,8.7
2018,5,31,14,7.6
2018,6,1,14.1,9.7
2018,6,2,14,9.7
2018,6,3,13.7,8.5
2018,6,4,15,9.1
2018,6,5,15.1,8.6
2018,6,6,18.7,9.5
2018,6,7,17.5,4.5
2018,6,8,12.7,2.5
2018,6,9,16.3,7
2018,6,10,15.6,9.4
2018,6,11,16,9.1
2018,6,12,15.7,8.2
2018,6,13,13.2,6.7
2018,6,14,13.9,8.7
2018,6,15,13.7,5
2018,6,16,12.8,7.3
2018,6,17,11.7,3.5
2018,6,18,10.7,3.7
2018,6,19,12.9,9.1
2018,6,20,14.7,8
2018,6,21,14.8,9.3
2018,6,22,15,7.9
2018,6,23,13,5.3
2018,6,24,12.3,6.2
2018,6,25,12.5,6.4
2018,6,26,13.7,8.2
2018,6,27,12.7,5
2018,6,28,9.6,4.7
2018,6,29,12.1,5.3
2018,6,30,13.9,6.3
2018,7,1,14.2,9.2
2018,7,2,13.8,9.5
2018,7,3,14.1,6.4
2018,7,4,15.7,5.2
2018,7,5,17.9,6.8
2018,7,6,14.4,8.7
2018,7,7,12.1,7.4
2018,7,8,13.7,7.8
2018,7,9,13.8,7.4
2018,7,10,11.2,7.1
2018,7,11,9.8,7.8
2018,7,12,11.9,8.9
2018,7,13,13.2,7.2
2018,7,14,14.3,10.1
2018,7,15,12.6,10.2
2018,7,16,12.8,7.3
2018,7,17,16.3,8.6
2018,7,18,14.3,10.4
2018,7,19,18.3,8.3
2018,7,20,11.7,7.5
2018,7,21,13.1,7.1
2018,7,22,13.6,10.7
2018,7,23,12.8,6.9
2018,7,24,15.9,8.2
2018,7,25,15,10.4
2018,7,26,14,8.9
2018,7,27,18.8,9.9
2018,7,28,17.9,7.9
2018,7,29,14,9.2
2018,7,30,12,7.2
2018,7,31,15,10
2018,8,1,15.1,10.3
2018,8,2,14.9,11.8
2018,8,3,17.2,7
2018,8,4,14.5,7.5
2018,8,5,16.5,11.8
2018,8,6,13.7,10.1
2018,8,7,14.2,11
2018,8,8,16.4,7
2018,8,9,13.4,9.3
2018,8,10,19.2,12.7
2018,8,11,13.8,7.1
2018,8,12,14.3,11.5
2018,8,13,15.5,8.4
2018,8,14,16.5,13.3
2018,8,15,18.3,11.9
2018,8,16,14.6,10
2018,8,17,15.2,12.2
2018,8,18,13.8,12.3
2018,8,19,12,9.1
2018,8,20,11.4,6.3
2018,8,21,11.8,8
2018,8,22,14,9.7
2018,8,23,16.4,11.8
2018,8,24,16.4,14.8
2018,8,25,17,14.9
2018,8,26,14.4,14
2018,8,27,12.6,13.6
2018,8,28,11.7,13.2
2018,8,29,13.8,15.6
2018,8,30,14.2,4
2018,8,31,16.1,7.8
2018,9,1,15.2,10.8
2018,9,2,12.7,11.1
2018,9,3,13.9,12.8
2018,9,4,18.7,16.5
2018,9,5,19.2,16.2
2018,9,6,19.5,11
2018,9,7,14.4,11.1
2018,9,8,17.3,16
2018,9,9,18.4,9.6
2018,9,10,18,10.8
2018,9,11,23.7,17.8
2018,9,12,18.1,15
2018,9,13,19.7,18.2
2018,9,14,22.8,18.2
2018,9,15,13.4,9.4
2018,9,16,13.8,14.6
2018,9,17,18.1,18.7
2018,9,18,21.4,14.3
2018,9,19,15.4,15.5
2018,9,20,17.7,16.5
2018,9,21,18.8,16.4
2018,9,22,20.2,19.6
2018,9,23,12.9,10
2018,9,24,15.3,18.4
2018,9,25,14.6,11.3
2018,9,26,19,20.7
2018,9,27,24.3,20.2
2018,9,28,15.2,11.1
2018,9,29,14.4,12.6
2018,9,30,16.6,14.4
2018,10,1,23.2,21.4
2018,10,2,25.9,13.1
2018,10,3,19.1,10.4
2018,10,4,16.4,10.3
2018,10,5,19.2,22.2
2018,10,6,24.2,21.9
2018,10,7,25.5,14
2018,10,8,27.5,18.3
2018,10,9,16.4,7.1
2018,10,10,16.2,21.2
2018,10,11,19.5,23.6
2018,10,12,22.6,23.7
2018,10,13,24.4,23.5
2018,10,14,27.2,22.5
2018,10,15,27.3,18.6
2018,10,16,23.2,7.1
2018,10,17,22.7,17
2018,10,18,21.3,11.6
2018,10,19,27.8,21.5
2018,10,20,16.6,9.2
2018,10,21,18.8,19.1
2018,10,22,27,25.3
2018,10,23,20.1,15.5
2018,10,24,16.6,20.2
2018,10,25,22.3,25.8
2018,10,26,19,19.9
2018,10,27,21.2,15.3
2018,10,28,17.2,24.1
2018,10,29,18.2,25.9
2018,10,30,26.9,25.9
2018,10,31,21,16.1
2018,11,1,34.2,15
2018,11,2,32.7,16
2018,11,3,22,23
2018,11,4,25,18.3
2018,11,5,28.4,15.2
2018,11,6,21.7,7
2018,11,7,17.2,16.5
2018,11,8,18.3,22.1
2018,11,9,19.9,13.3
2018,11,10,20.9,21.5
2018,11,11,20.9,29.1
2018,11,12,30.3,20.3
2018,11,13,30.1,17.4
2018,11,14,16.4,4.7
2018,11,15,18.4,23
2018,11,16,19.8,29.3
2018,11,17,19.1,29.7
2018,11,18,27.1,30
2018,11,19,31,27.9
2018,11,20,27,5.8
2018,11,21,22.7,25.6
2018,11,22,16.3,15.9
2018,11,23,14,5
2018,11,24,17.3,10.1
2018,11,25,19.3,18.2
2018,11,26,19.9,23.1
2018,11,27,21.2,17.2
2018,11,28,20.9,18.8
2018,11,29,20.1,17.6
2018,11,30,21.8,27
2018,12,1,31.2,30.4
2018,12,2,19.8,19.3
2018,12,3,23.6,17.9
2018,12,4,20.4,24.1
2018,12,5,25.1,31.1
2018,12,6,35.1,31.2
2018,12,7,38.4,25.6
2018,12,8,30.4,13.1
2018,12,9,20.7,6
2018,12,10,21.7,28.5
2018,12,11,25.5,31.9
2018,12,12,33.8,29.7
2018,12,13,19.7,7.6
2018,12,14,23.7,15.3
2018,12,15,23.9,16.4
2018,12,16,23,18.1
2018,12,17,23,19.3
2018,12,18,22.6,19.6
2018,12,19,26.1,12.9
2018,12,20,20.9,8.3
2018,12,21,22.1,12.2
2018,12,22,19,27.2
2018,12,23,26.9,32.3
2018,12,24,33.3,32.3
2018,12,25,26.1,32.2
2018,12,26,28.1,32.3
2018,12,27,39.8,30.1
2018,12,28,35.8,18.8
2018,12,29,22.4,5
2018,12,30,20.6,4.1
2018,12,31,25.4,31.2
2019,1,1,27.4,30.9
2019,1,2,23.5,22.5
2019,1,3,30.5,27.4
2019,1,4,43.4,28.6
2019,1,5,21.2,13.2
2019,1,6,22.3,31.7
2019,1,7,24.3,30.5
2019,1,8,26.7,28.8
2019,1,9,21.6,27.7
2019,1,10,22.7,26.5
2019,1,11,31.5,31.4
2019,1,12,27.9,27.9
2019,1,13,29.5,31
2019,1,14,38.5,30.9
2019,1,15,38.6,19.5
2019,1,16,31.3,15.7
2019,1,17,37,8.2
2019,1,18,30.2,4.9
2019,1,19,24,30.4
2019,1,20,24.3,27.9
2019,1,21,29.7,27.9
2019,1,22,31.1,29.4
2019,1,23,25.7,25.2
2019,1,24,41.9,29.3
2019,1,25,46,26.9
2019,1,26,28.1,26.7
2019,1,27,29,20.5
2019,1,28,35.6,28.7
2019,1,29,37.8,28
2019,1,30,40,19
2019,1,31,22.5,22.1
2019,2,1,23.9,28.2
2019,2,2,37.3,27.7
2019,2,3,41.1,22.8
2019,2,4,22.7,7.1
2019,2,5,26.2,11
2019,2,6,34.9,21
2019,2,7,29.9,20.7
2019,2,8,24.6,17.5
2019,2,9,20.8,14.8
2019,2,10,25.2,25.6
2019,2,11,29.7,21.6
2019,2,12,21.9,9.8
2019,2,13,21.3,19.9
2019,2,14,24.6,25.5
2019,2,15,24.9,21.2
2019,2,16,27.2,24.4
2019,2,17,31.4,20.1
2019,2,18,26.3,14.8
2019,2,19,22.4,17
2019,2,20,25.1,19.4
2019,2,21,21.8,17.8
2019,2,22,23.3,23.1
2019,2,23,25.1,22.8
2019,2,24,33.8,24
2019,2,25,35.2,23.6
2019,2,26,25.1,23.3
2019,2,27,30.7,23.3
2019,2,28,38.1,22.5
2019,3,1,38.2,20.5
2019,3,2,36.9,22.8
2019,3,3,38.4,16.2
2019,3,4,29.6,19.2
2019,3,5,26.8,15.4
2019,3,6,18,13.8
2019,3,7,24.5,21.5
2019,3,8,27.6,11.8
2019,3,9,27.5,20.8
2019,3,10,27.2,9.6
2019,3,11,24.4,12.6
2019,3,12,19.8,13
2019,3,13,19,12.6
2019,3,14,22.6,20
2019,3,15,22.7,17.7
2019,3,16,28.8,19.6
2019,3,17,28.4,19
2019,3,18,27.9,18.8
2019,3,19,24.3,6.6
2019,3,20,25.1,11
2019,3,21,26,11.3
2019,3,22,32.4,15.4
2019,3,23,31.5,14.5
2019,3,24,30.6,16.4
2019,3,25,19.6,13.5
2019,3,26,21.6,16.7
2019,3,27,23.1,17.9
2019,3,28,28.6,17.6
2019,3,29,29.7,11.8
2019,3,30,16.9,10.7
2019,3,31,20,9.2
2019,4,1,17.7,8
2019,4,2,26.2,17.1
2019,4,3,26.3,9.9
2019,4,4,22.7,12.7
2019,4,5,29.2,15.4
2019,4,6,22.5,12.5
2019,4,7,26.9,16.2
2019,4,8,23.5,10.9
2019,4,9,17.1,11.6
2019,4,10,16.6,6.5
2019,4,11,18.4,14.8
2019,4,12,25.4,15.4
2019,4,13,20.5,10.6
2019,4,14,24.3,14.6
2019,4,15,27.4,12.9
2019,4,16,30.6,14.5
2019,4,17,31.1,13.4
2019,4,18,18.6,12.8
2019,4,19,22.7,14.2
2019,4,20,30.9,13.9
2019,4,21,27.6,5.7
2019,4,22,16.9,5.5
2019,4,23,19.1,9.3
2019,4,24,23.8,7.6
2019,4,25,21.8,12.2
2019,4,26,16.1,9.6
2019,4,27,15.9,7.1
2019,4,28,16.8,7
2019,4,29,17.7,10.6
2019,4,30,23.2,10.8
2019,5,1,22,7.4
2019,5,2,20.3,6.3
2019,5,3,20.7,10.8
2019,5,4,15.7,7.2
2019,5,5,17.3,6.3
2019,5,6,17,7.1
2019,5,7,19.2,11.7
2019,5,8,16.8,9
2019,5,9,16.1,5.6
2019,5,10,13.5,3.3
2019,5,11,15.3,6.8
2019,5,12,17.2,7.4
2019,5,13,18.2,9.6
2019,5,14,19.9,10.4
2019,5,15,16.1,8
2019,5,16,17,10.1
2019,5,17,19.3,10.8
2019,5,18,22,10.7
2019,5,19,20.7,9.7
2019,5,20,17.9,4.9
2019,5,21,20.4,8.3
2019,5,22,21.8,10.4
2019,5,23,21,10.3
2019,5,24,18.8,4.3
2019,5,25,19,9.2
2019,5,26,14.8,8.4
2019,5,27,13.1,8.3
2019,5,28,15.4,5.4
2019,5,29,10.1,8.7
2019,5,30,12.5,7.6
2019,5,31,13.1,6
2019,6,1,14.1,5.6
2019,6,2,14.2,6.7
2019,6,3,10.1,3.2
2019,6,4,12,7.6
2019,6,5,12.2,6.2
2019,6,6,14.6,6.3
2019,6,7,17.1,9.2
2019,6,8,18.8,9.4
2019,6,9,16.7,8.8
2019,6,10,18.1,8.4
2019,6,11,16.9,9.4
2019,6,12,16,2.4
2019,6,13,16.1,9.2
2019,6,14,16.9,8.4
2019,6,15,14.7,5.3
2019,6,16,16,7.5
2019,6,17,17.5,9.2
2019,6,18,12.4,5.1
2019,6,19,11.3,7
2019,6,20,10,6
2019,6,21,11.9,8.4
2019,6,22,11.5,6.4
2019,6,23,11,9.3
2019,6,24,15.8,9.3
2019,6,25,15.8,9.1
2019,6,26,16.8,9.3
2019,6,27,16.1,9.3
2019,6,28,17.6,9.4
2019,6,29,14.6,5.1
2019,6,30,13.6,9
2019,7,1,12.7,7.5
2019,7,2,15.8,7.9
2019,7,3,13.8,6.4
2019,7,4,12.9,7.5
2019,7,5,17.4,8.1
2019,7,6,17.4,9.5
2019,7,7,16.4,5.5
2019,7,8,14.8,8.8
2019,7,9,15.1,6.4
2019,7,10,15.2,7.2
2019,7,11,12.9,5.8
2019,7,12,14.7,7.3
2019,7,13,11.4,8.4
2019,7,14,13,5.5
2019,7,15,13.7,7.7
2019,7,16,13.1,6.4
2019,7,17,12.7,4
2019,7,18,14.4,9
2019,7,19,14.7,10.4
2019,7,20,16,10.3
2019,7,21,14.7,8.1
2019,7,22,15.5,10.6
2019,7,23,15,8.4
2019,7,24,14.5,8.5
2019,7,25,15.9,5.8
2019,7,26,12.6,5.2
2019,7,27,14.6,8.4
2019,7,28,14.2,10
2019,7,29,14.8,9.2
2019,7,30,11.8,7.8
2019,7,31,12.3,10.8
2019,8,1,12.8,6.2
2019,8,2,12.5,7.7
2019,8,3,13.2,6.1
2019,8,4,13,7.4
2019,8,5,15,10.5
2019,8,6,12.7,4.9
2019,8,7,14.6,7.9
2019,8,8,13.2,10.3
2019,8,9,9.2,7.8
2019,8,10,12.3,7.4
2019,8,11,12.2,9.8
2019,8,12,12.4,10
2019,8,13,12.8,6.8
2019,8,14,14,8.6
2019,8,15,15.9,10.8
2019,8,16,16.4,6.3
2019,8,17,15.6,13.7
2019,8,18,18,9.1
2019,8,19,11.8,11.8
2019,8,20,16.1,9.7
2019,8,21,15.7,10.6
2019,8,22,12.9,9.8
2019,8,23,15.3,14.6
2019,8,24,17.9,14
2019,8,25,13.7,11.9
2019,8,26,14,11.3
2019,8,27,15.4,12.8
2019,8,28,12.2,5.3
2019,8,29,12.1,13.5
2019,8,30,15.7,15.7
2019,8,31,17.6,15.9
2019,9,1,18.8,8.6
2019,9,2,17.5,14.9
2019,9,3,21.6,16.4
2019,9,4,19.6,14
2019,9,5,19.4,14.9
2019,9,6,15.6,12.6
2019,9,7,13.1,10.9
2019,9,8,15.4,9.8
2019,9,9,12.7,13.3
2019,9,10,14.5,11.6
2019,9,11,20.2,17.9
2019,9,12,20,14
2019,9,13,17.6,13
2019,9,14,19.9,18.4
2019,9,15,19.5,6.5
2019,9,16,12.4,15.6
2019,9,17,13.2,19
2019,9,18,19.4,19.2
2019,9,19,23,19.3
2019,9,20,24.7,13.5
2019,9,21,18.9,11
2019,9,22,15.4,16
2019,9,23,15.9,13.6
2019,9,24,14.9,12.4
2019,9,25,16.5,12.9
2019,9,26,20.5,20.3
2019,9,27,19.4,7.9
2019,9,28,14.6,15.1
2019,9,29,15.3,13.3
2019,9,30,14.7,14.8
2019,10,1,22.6,21.6
2019,10,2,26.4,18.6
2019,10,3,28.9,21.9
2019,10,4,15.7,11.2
2019,10,5,23.3,15.9
2019,10,6,24.4,15.3
2019,10,7,16.8,14.9
2019,10,8,13.3,11
2019,10,9,15.1,12.2
2019,10,10,14.6,12.1
2019,10,11,19.3,19.1
2019,10,12,19.6,18.3
2019,10,13,22.3,17.8
2019,10,14,25.6,19.4
2019,10,15,18.4,17.9
2019,10,16,19.8,10.2
2019,10,17,15,15.8
2019,10,18,21.3,23
2019,10,19,15.7,17.6
2019,10,20,16.7,13.9
2019,10,21,17.3,22
2019,10,22,22.5,24.6
2019,10,23,28.9,26
2019,10,24,33.5,26
2019,10,25,23.5,10.8
2019,10,26,16,18.2
2019,10,27,17.3,11
2019,10,28,22.9,26.6
2019,10,29,30.1,26.8
2019,10,30,28.3,27
2019,10,31,33.6,26.2
2019,11,1,34.2,22.8
2019,11,2,18.2,2.9
2019,11,3,20.4,7.1
2019,11,4,16.3,12.1
2019,11,5,19.7,26.8
2019,11,6,24,21.6
2019,11,7,19.8,13.1
2019,11,8,14.6,15.4
2019,11,9,14.3,10.5
2019,11,10,17.9,12
2019,11,11,29.5,26.6
2019,11,12,17.3,19.2
2019,11,13,17.1,12.3
2019,11,14,22.3,17
2019,11,15,19.5,12.1
2019,11,16,18.6,22.2
2019,11,17,17.2,20.4
2019,11,18,28.4,29.3
2019,11,19,20.2,26.7
2019,11,20,35,29.5
2019,11,21,41.6,17.7
2019,11,22,20.7,25.7
2019,11,23,24.2,24.6
2019,11,24,24.8,29.8
2019,11,25,29.3,14.1
2019,11,26,15,18.6
2019,11,27,25.7,30.4
2019,11,28,23.8,29.3
2019,11,29,22.8,23.3
2019,11,30,19.2,16.7
2019,12,1,17.5,12.8
2019,12,2,16.3,21.1
2019,12,3,22.8,24.1
2019,12,4,23.4,23.3
2019,12,5,24.9,25.9
2019,12,6,20.9,19.6
2019,12,7,23.7,30.4
2019,12,8,29.4,30.6
2019,12,9,39.4,25.6
2019,12,10,18.3,19.9
2019,12,11,20.3,20.6
2019,12,12,20.7,17.9
2019,12,13,22.1,21.7
2019,12,14,22,12.5
2019,12,15,23.7,14.5
2019,12,16,23.1,24.3
2019,12,17,30.7,28.6
2019,12,18,40.9,29.6
2019,12,19,25.9,31.1
2019,12,20,44.6,30.8
2019,12,21,20.6,20.9
2019,12,22,21.2,30.2
2019,12,23,24,28.2
2019,12,24,25.9,30.1
2019,12,25,31.9,31
2019,12,26,23,27.6
2019,12,27,29.5,30.9
2019,12,28,31.8,14.4
2019,12,29,35.2,29.3
2019,12,30,42.6,17.8
2019,12,31,22.6,26.7
